"","Group","Spp","Taxa_specific1","FFG","Length","YOY","d15N","d13C","Community"
"1","Littoral","Amphipoda","Amphipoda","Litoral_BL",NA,NA,5.51,-23.48,"Cass-2018"
"2","Littoral","Trichoptera","Hydropsychidae","Litoral_BL",NA,NA,7.45,-25.86,"Cass-2018"
"3","Littoral","Amphipoda","Amphipoda","Litoral_BL",NA,NA,5.32,-22.74,"Cass-2018"
"4","Littoral","Ephemeroptera","Baetidae","Litoral_BL",NA,NA,4.26,-27.16,"Cass-2018"
"5","Littoral","Amphipoda","Amphipoda","Litoral_BL",NA,NA,5.94,-26.07,"Cass-2018"
"6","Littoral","Amphipoda","Amphipoda","Litoral_BL",NA,NA,5.24,-25.67,"Cass-2018"
"7","Littoral","Ephemeroptera","Caenidae","Litoral_BL",NA,NA,3.99,-27.01,"Cass-2018"
"8","Littoral","Amphipoda","Amphipoda","Litoral_BL",NA,NA,4.44,-25.15,"Cass-2018"
"9","Littoral","Amphipoda","Amphipoda","Litoral_BL",NA,NA,5.29,-23.22,"Cass-2018"
"10","Littoral","Ephemeroptera","Caenidae","Litoral_BL",NA,NA,4.57,-25.56,"Cass-2018"
"11","Littoral","Ephemeroptera","Baetidae","Litoral_BL",NA,NA,5.01,-25.31,"Cass-2018"
"12","Littoral","Ephemeroptera","Heptageniidae","Litoral_BL",NA,NA,3.75,-25.6,"Cass-2018"
"13","Littoral","Ephemeroptera","Baetidae","Litoral_BL",NA,NA,4.15,-27.21,"Cass-2018"
"14","Littoral","Trichoptera","Leptoceridae","Litoral_BL",NA,NA,4.57,-25.04,"Kabetogama-2018"
"15","Littoral","Trichoptera","Brachycentridae","Litoral_BL",NA,NA,3.37,-22.59,"Kabetogama-2018"
"16","Littoral","Ephemeroptera","Caenidae","Litoral_BL",NA,NA,1.48,-20.64,"Kabetogama-2018"
"17","Littoral","Amphipoda","Amphipoda","Litoral_BL",NA,NA,3.26,-22.69,"Kabetogama-2018"
"18","Littoral","Trichoptera","Limnephilidae","Litoral_BL",NA,NA,2.5,-23.71,"Kabetogama-2018"
"19","Littoral","Ephemeroptera","Heptageniidae","Litoral_BL",NA,NA,3.33,-20.42,"Kabetogama-2018"
"20","Littoral","Amphipoda","Amphipoda","Litoral_BL",NA,NA,6.45,-23.67,"Kabetogama-2018"
"21","Littoral","Ephemeroptera","Caenidae","Litoral_BL",NA,NA,3.13,-21.74,"Kabetogama-2018"
"22","Littoral","Amphipoda","Amphipoda","Litoral_BL",NA,NA,3.11,-21.55,"Kabetogama-2018"
"23","Littoral","Trichoptera","Limnephilidae","Litoral_BL",NA,NA,3.64,-16.32,"Kabetogama-2018"
"24","Littoral","Trichoptera","Limnephilidae","Litoral_BL",NA,NA,3.47,-19.82,"Kabetogama-2018"
"25","Littoral","Trichoptera","Limnephilidae","Litoral_BL",NA,NA,2.07,-18.5,"Kabetogama-2018"
"26","Littoral","Ephemeroptera","Heptageniidae","Litoral_BL",NA,NA,1.83,-25.2,"Kabetogama-2018"
"27","Littoral","Ephemeroptera","Leptophlebiidae","Litoral_BL",NA,NA,2.98,-28.01,"Kabetogama-2018"
"28","Littoral","Trichoptera","Limnephilidae","Litoral_BL",NA,NA,2.59,-22.92,"Kabetogama-2018"
"29","Littoral","Ephemeroptera","Heptageniidae","Litoral_BL",NA,NA,2.82,-19.4,"Kabetogama-2018"
"30","Littoral","Ephemeroptera","Ephemeroptera","Litoral_BL",NA,NA,2.89,-21.98,"Kabetogama-2018"
"31","Littoral","Trichoptera","Hydropsychidae","Litoral_BL",NA,NA,3.4,-31.92,"Kabetogama-2018"
"32","Littoral","Trichoptera","Leptoceridae","Litoral_BL",NA,NA,4.94,-21.88,"Kabetogama-2018"
"33","Littoral","Trichoptera","Brachycentridae","Litoral_BL",NA,NA,4.34,-17.81,"Kabetogama-2018"
"34","Littoral","Amphipoda","Amphipoda","Litoral_BL",NA,NA,1.78,-17.71,"Kabetogama-2018"
"35","Littoral","Ephemeroptera","Leptophlebiidae","Litoral_BL",NA,NA,2.66,-24.56,"Kabetogama-2018"
"36","Littoral","Ephemeroptera","Baetidae","Litoral_BL",NA,NA,3.7,-24.76,"Kabetogama-2018"
"37","Littoral","Trichoptera","Limnephilidae","Litoral_BL",NA,NA,2.66,-20.36,"Kabetogama-2018"
"38","Littoral","Trichoptera","Leptoceridae","Litoral_BL",NA,NA,4.78,-29.02,"Kabetogama-2018"
"39","Littoral","Amphipoda","Amphipoda","Litoral_BL",NA,NA,3.06,-20.27,"Kabetogama-2018"
"40","Littoral","Amphipoda","Amphipoda","Litoral_BL",NA,NA,4.2,-22.3,"Kabetogama-2018"
"41","Littoral","Ephemeroptera","Baetidae","Litoral_BL",NA,NA,2.78,-22.67,"Kabetogama-2018"
"42","Littoral","Trichoptera","Leptoceridae","Litoral_BL",NA,NA,5.09,-23.95,"Kabetogama-2018"
"43","Littoral","Amphipoda","Amphipoda","Litoral_BL",NA,NA,4.57,-21.77,"Leech-2017"
"44","Littoral","Ephemeroptera","Caenidae","Litoral_BL",NA,NA,4.35,-21.47,"Leech-2017"
"45","Littoral","Amphipoda","Amphipoda","Litoral_BL",NA,NA,5.15,-22.32,"Leech-2017"
"46","Littoral","Ephemeroptera","Caenidae","Litoral_BL",NA,NA,4.66,-23.62,"Leech-2017"
"47","Littoral","Ephemeroptera","Hexagenia","Litoral_BL",NA,NA,5.03,-24.36,"Leech-2017"
"48","Littoral","Ephemeroptera","Baetidae","Litoral_BL",NA,NA,4.47,-22.39,"Leech-2017"
"49","Littoral","Trichoptera","Cheumatopsyche","Litoral_BL",NA,NA,5.33,-26.8,"Leech-2017"
"50","Littoral","Ephemeroptera","Heptageniidae","Litoral_BL",NA,NA,4.46,-25.86,"Leech-2017"
"51","Littoral","Amphipoda","Amphipoda","Litoral_BL",NA,NA,4.62,-23.98,"Leech-2017"
"52","Littoral","Trichoptera","Limnephilidae","Litoral_BL",NA,NA,9.11,-31.55,"Leech-2017"
"53","Littoral","Trichoptera","Phryganeidae","Litoral_BL",NA,NA,4.9,-19.16,"Leech-2017"
"54","Littoral","Amphipoda","Amphipoda","Litoral_BL",NA,NA,4.51,-22.12,"Leech-2017"
"55","Littoral","Ephemeroptera","Caenidae","Litoral_BL",NA,NA,3.96,-23.33,"Leech-2017"
"56","Littoral","Trichoptera","Hydropsychidae","Litoral_BL",NA,NA,7.19,-26.68,"Leech-2017"
"57","Littoral","Amphipoda","Amphipoda","Litoral_BL",NA,NA,5.71,-22.79,"Leech-2017"
"58","Littoral","Ephemeroptera","Caenidae","Litoral_BL",NA,NA,6.72,-24.07,"Leech-2017"
"59","Littoral","Ephemeroptera","Caenidae","Litoral_BL",NA,NA,6.76,-21.14,"Leech-2017"
"60","Littoral","Trichoptera","Phryganeidae","Litoral_BL",NA,NA,6.31,-24.08,"Leech-2017"
"61","Littoral","Amphipoda","Amphipoda","Litoral_BL",NA,NA,5.44,-20.93,"Leech-2017"
"62","Littoral","Amphipoda","Amphipoda","Litoral_BL",NA,NA,5.67,-23.55,"Lake of the Woods-2018"
"63","Littoral","Trichoptera","Leptoceridae","Litoral_BL",NA,NA,5.85,-23.83,"Lake of the Woods-2018"
"64","Littoral","Ephemeroptera","Heptageniidae","Litoral_BL",NA,NA,4.42,-24.47,"Lake of the Woods-2018"
"65","Littoral","Amphipoda","Amphipoda","Litoral_BL",NA,NA,4.57,-23.79,"Lake of the Woods-2018"
"66","Littoral","Trichoptera","Hydropsychidae","Litoral_BL",NA,NA,5.21,-26.71,"Lake of the Woods-2018"
"67","Littoral","Ephemeroptera","Heptageniidae","Litoral_BL",NA,NA,4.29,-24.02,"Lake of the Woods-2018"
"68","Littoral","Trichoptera","Leptoceridae","Litoral_BL",NA,NA,5.28,-24.53,"Lake of the Woods-2018"
"69","Littoral","Ephemeroptera","Caenidae","Litoral_BL",NA,NA,4.23,-23.86,"Lake of the Woods-2018"
"70","Littoral","Ephemeroptera","Heptageniidae","Litoral_BL",NA,NA,4.71,-24.24,"Lake of the Woods-2018"
"71","Littoral","Ephemeroptera","Heptageniidae","Litoral_BL",NA,NA,4.43,-24.28,"Lake of the Woods-2018"
"72","Littoral","Amphipoda","Amphipoda","Litoral_BL",NA,NA,4.48,-22.29,"Lake of the Woods-2018"
"73","Littoral","Trichoptera","Leptoceridae","Litoral_BL",NA,NA,5.79,-24.97,"Lake of the Woods-2018"
"74","Littoral","Trichoptera","Hydropsychidae","Litoral_BL",NA,NA,5.54,-28.46,"Lake of the Woods-2018"
"75","Littoral","Trichoptera","Helicopsychidae","Litoral_BL",NA,NA,3.66,-19.18,"Lake of the Woods-2018"
"76","Littoral","Amphipoda","Amphipoda","Litoral_BL",NA,NA,4.73,-19.45,"Lake of the Woods-2018"
"77","Littoral","Amphipoda","Amphipoda","Litoral_BL",NA,NA,3.69,-19.89,"Lake of the Woods-2018"
"78","Littoral","Trichoptera","Leptoceridae","Litoral_BL",NA,NA,5,-24.63,"Lake of the Woods-2018"
"79","Littoral","Ephemeroptera","Caenidae","Litoral_BL",NA,NA,3.56,-25.05,"Lake of the Woods-2018"
"80","Littoral","Trichoptera","Hydropsychidae","Litoral_BL",NA,NA,5.46,-25.27,"Lake of the Woods-2018"
"81","Littoral","Ephemeroptera","Caenidae","Litoral_BL",NA,NA,4.4,-24.18,"Lake of the Woods-2018"
"82","Littoral","Trichoptera","Hydropsychidae","Litoral_BL",NA,NA,5.9,-26.39,"Lake of the Woods-2018"
"83","Littoral","Amphipoda","Amphipoda","Litoral_BL",NA,NA,4.35,-22.38,"Lake of the Woods-2018"
"84","Littoral","Ephemeroptera","Heptageniidae","Litoral_BL",NA,NA,4.22,-24.87,"Lake of the Woods-2018"
"85","Littoral","Trichoptera","Leptoceridae","Litoral_BL",NA,NA,6.11,-24.47,"Lake of the Woods-2018"
"86","Littoral","Trichoptera","Leptoceridae","Litoral_BL",NA,NA,6.58,-26.29,"Lake of the Woods-2018"
"87","Littoral","Amphipoda","Amphipoda","Litoral_BL",NA,NA,6.02,-17.03,"Mille Lacs-2017"
"88","Littoral","Trichoptera","Hydropsychidae","Litoral_BL",NA,NA,7.63,-18.99,"Mille Lacs-2017"
"89","Littoral","Trichoptera","Helicopsychidae","Litoral_BL",NA,NA,4.11,-14.87,"Mille Lacs-2017"
"90","Littoral","Trichoptera","Phryganeidae","Litoral_BL",NA,NA,7.03,-16.91,"Mille Lacs-2017"
"91","Littoral","Amphipoda","Amphipoda","Litoral_BL",NA,NA,6.25,-22.92,"Mille Lacs-2017"
"92","Littoral","Trichoptera","Leptoceridae","Litoral_BL",NA,NA,7.73,-23.62,"Mille Lacs-2017"
"93","Littoral","Ephemeroptera","Baetidae","Litoral_BL",NA,NA,5.34,-14.69,"Mille Lacs-2017"
"94","Littoral","Amphipoda","Amphipoda","Litoral_BL",NA,NA,4.85,-13.27,"Mille Lacs-2017"
"95","Littoral","Ephemeroptera","Caenidae","Litoral_BL",NA,NA,5.35,-14.6,"Mille Lacs-2017"
"96","Littoral","Ephemeroptera","Baetidae","Litoral_BL",NA,NA,4.66,-20.45,"Mille Lacs-2017"
"97","Littoral","Trichoptera","Hydropsychidae","Litoral_BL",NA,NA,6.41,-18.19,"Mille Lacs-2017"
"98","Littoral","Amphipoda","Amphipoda","Litoral_BL",NA,NA,5.21,-18.09,"Mille Lacs-2017"
"99","Littoral","Amphipoda","Amphipoda","Litoral_BL",NA,NA,5.45,-16.33,"Mille Lacs-2017"
"100","Littoral","Trichoptera","Hydropsychidae","Litoral_BL",NA,NA,6.36,-17.25,"Mille Lacs-2017"
"101","Littoral","Trichoptera","Helicopsychidae","Litoral_BL",NA,NA,3.14,-14.86,"Mille Lacs-2017"
"102","Littoral","Trichoptera","Limnephilidae","Litoral_BL",NA,NA,7.67,-21.25,"Mille Lacs-2017"
"103","Littoral","Amphipoda","Amphipoda","Litoral_BL",NA,NA,6.48,-21.95,"Lower Red-2017"
"104","Littoral","Ephemeroptera","Caenidae","Litoral_BL",NA,NA,4.68,-21.8,"Lower Red-2017"
"105","Littoral","Trichoptera","Leptoceridae","Litoral_BL",NA,NA,7.23,-21.27,"Lower Red-2017"
"106","Littoral","Amphipoda","Amphipoda","Litoral_BL",NA,NA,1.52,-22.33,"Upper Red-2017"
"107","Littoral","Ephemeroptera","Caenidae","Litoral_BL",NA,NA,2.03,-22.24,"Upper Red-2017"
"108","Littoral","Trichoptera","Leptoceridae","Litoral_BL",NA,NA,4.55,-23.56,"Lower Red-2017"
"109","Littoral","Amphipoda","Amphipoda","Litoral_BL",NA,NA,5.01,-24.46,"Lower Red-2017"
"110","Littoral","Ephemeroptera","Caenidae","Litoral_BL",NA,NA,3.66,-24.51,"Lower Red-2017"
"111","Littoral","Amphipoda","Amphipoda","Litoral_BL",NA,NA,2.91,-24.62,"Upper Red-2017"
"112","Littoral","Amphipoda","Amphipoda","Litoral_BL",NA,NA,2.6,-22.38,"Upper Red-2017"
"113","Littoral","Ephemeroptera","Heptageniidae","Litoral_BL",NA,NA,0.75,-19.27,"Upper Red-2017"
"114","Littoral","Amphipoda","Amphipoda","Litoral_BL",NA,NA,5.47,-20.81,"Lower Red-2017"
"115","Littoral","Amphipoda","Amphipoda","Litoral_BL",NA,NA,2.29,-22.66,"Upper Red-2017"
"116","Littoral","Ephemeroptera","Caenidae","Litoral_BL",NA,NA,2,-23.78,"Upper Red-2017"
"117","Littoral","Ephemeroptera","Hexagenia","Litoral_BL",NA,NA,0.28,-18.07,"Rainy-2018"
"118","Littoral","Ephemeroptera","Ephemeroptera","Litoral_BL",NA,NA,1.43,-22.58,"Rainy-2018"
"119","Littoral","Amphipoda","Amphipoda","Litoral_BL",NA,NA,0.38,-17.24,"Rainy-2018"
"120","Littoral","Trichoptera","Limnephilidae","Litoral_BL",NA,NA,1.29,-20.13,"Rainy-2018"
"121","Littoral","Ephemeroptera","Heptageniidae","Litoral_BL",NA,NA,0.27,-17.02,"Rainy-2018"
"122","Littoral","Amphipoda","Amphipoda","Litoral_BL",NA,NA,0.85,-14.78,"Rainy-2018"
"123","Littoral","Ephemeroptera","Hexagenia","Litoral_BL",NA,NA,1.6,-17.56,"Rainy-2018"
"124","Littoral","Ephemeroptera","Heptageniidae","Litoral_BL",NA,NA,1.01,-15.96,"Rainy-2018"
"125","Littoral","Ephemeroptera","Caenidae","Litoral_BL",NA,NA,-0.26,-14.75,"Rainy-2018"
"126","Littoral","Ephemeroptera","Heptageniidae","Litoral_BL",NA,NA,1.33,-16.97,"Rainy-2018"
"127","Littoral","Trichoptera","Limnephilidae","Litoral_BL",NA,NA,0.32,-16.2,"Rainy-2018"
"128","Littoral","Ephemeroptera","Caenidae","Litoral_BL",NA,NA,1.06,-17.11,"Rainy-2018"
"129","Littoral","Ephemeroptera","Hexagenia","Litoral_BL",NA,NA,1.3,-18.67,"Rainy-2018"
"130","Littoral","Amphipoda","Amphipoda","Litoral_BL",NA,NA,1,-15.45,"Rainy-2018"
"131","Littoral","Trichoptera","Hydropsychidae","Litoral_BL",NA,NA,2.7,-32.79,"Rainy-2018"
"132","Littoral","Amphipoda","Amphipoda","Litoral_BL",NA,NA,2.92,-26.82,"Rainy-2018"
"133","Littoral","Ephemeroptera","Heptageniidae","Litoral_BL",NA,NA,0.94,-17.84,"Rainy-2018"
"134","Littoral","Ephemeroptera","Hexagenia","Litoral_BL",NA,NA,1.66,-19.1,"Rainy-2018"
"135","Littoral","Trichoptera","Leptoceridae","Litoral_BL",NA,NA,1.29,-24.64,"Rainy-2018"
"136","Littoral","Ephemeroptera","Caenidae","Litoral_BL",NA,NA,0.82,-17.6,"Rainy-2018"
"137","Littoral","Amphipoda","Amphipoda","Litoral_BL",NA,NA,1.6,-17.03,"Rainy-2018"
"138","Littoral","Trichoptera","Limnephilidae","Litoral_BL",NA,NA,1.45,-19.35,"Rainy-2018"
"139","Littoral","Trichoptera","Limnephilidae","Litoral_BL",NA,NA,0.58,-17.97,"Rainy-2018"
"140","Littoral","Ephemeroptera","Caenidae","Litoral_BL",NA,NA,0.55,-15.36,"Rainy-2018"
"141","Littoral","Ephemeroptera","Heptageniidae","Litoral_BL",NA,NA,1.05,-15.06,"Rainy-2018"
"142","Littoral","Trichoptera","Leptoceridae","Litoral_BL",NA,NA,4.56,-25.32,"Rainy-2018"
"143","Littoral","Trichoptera","Molanna","Litoral_BL",NA,NA,1.44,-18.73,"Rainy-2018"
"144","Littoral","Trichoptera","Limnephilidae","Litoral_BL",NA,NA,-0.27,-20.86,"Rainy-2018"
"145","Littoral","Amphipoda","Amphipoda","Litoral_BL",NA,NA,0.53,-17.84,"Rainy-2018"
"146","Littoral","Ephemeroptera","Heptageniidae","Litoral_BL",NA,NA,0.31,-17,"Rainy-2018"
"147","Littoral","Trichoptera","Brachycentridae","Litoral_BL",NA,NA,0.55,-17.51,"Rainy-2018"
"148","Littoral","Ephemeroptera","Heptageniidae","Litoral_BL",NA,NA,2.59,-22.56,"Rainy-2018"
"149","Littoral","Trichoptera","Hydropsychidae","Litoral_BL",NA,NA,1.69,-30.57,"Rainy-2018"
"150","Littoral","Amphipoda","Amphipoda","Litoral_BL",NA,NA,1.37,-23.24,"Rainy-2018"
"151","Littoral","Trichoptera","Helicopsychidae","Litoral_BL",NA,NA,2.09,-20.23,"Rainy-2018"
"152","Littoral","Trichoptera","Hydropsychidae","Litoral_BL",NA,NA,2.64,-32.47,"Rainy-2018"
"153","Littoral","Ephemeroptera","Heptageniidae","Litoral_BL",NA,NA,2.32,-22.73,"Rainy-2018"
"154","Littoral","Ephemeroptera","Leptophlebiidae","Litoral_BL",NA,NA,0.85,-23.68,"Rainy-2018"
"155","Littoral","Trichoptera","Hydropsychidae","Litoral_BL",NA,NA,1.5,-29.84,"Rainy-2018"
"156","Littoral","Trichoptera","Brachycentridae","Litoral_BL",NA,NA,0.84,-26.03,"Rainy-2018"
"157","Littoral","Ephemeroptera","Ephemerellidae","Litoral_BL",NA,NA,0.39,-23.44,"Rainy-2018"
"158","Littoral","Trichoptera","Limnephilidae","Litoral_BL",NA,NA,0.48,-16.59,"Rainy-2018"
"159","Littoral","Ephemeroptera","Baetidae","Litoral_BL",NA,NA,3.92,-27.67,"East Vermilion-2018"
"160","Littoral","Ephemeroptera","Caenidae","Litoral_BL",NA,NA,2.4,-26.44,"East Vermilion-2018"
"161","Littoral","Ephemeroptera","Heptageniidae","Litoral_BL",NA,NA,1.92,-26.42,"East Vermilion-2018"
"162","Littoral","Amphipoda","Amphipoda","Litoral_BL",NA,NA,3.42,-25.19,"East Vermilion-2018"
"163","Littoral","Trichoptera","Leptoceridae","Litoral_BL",NA,NA,2.17,-21.88,"East Vermilion-2018"
"164","Littoral","Trichoptera","Hydropsychidae","Litoral_BL",NA,NA,3.46,-21.05,"West Vermilion-2018"
"165","Littoral","Ephemeroptera","Heptageniidae","Litoral_BL",NA,NA,3.43,-20.93,"West Vermilion-2018"
"166","Littoral","Ephemeroptera","Baetidae","Litoral_BL",NA,NA,2.76,-19.47,"West Vermilion-2018"
"167","Littoral","Amphipoda","Amphipoda","Litoral_BL",NA,NA,2.64,-19.5,"West Vermilion-2018"
"168","Littoral","Trichoptera","Limnephilidae","Litoral_BL",NA,NA,3.51,-24.4,"West Vermilion-2018"
"169","Littoral","Trichoptera","Limnephilidae","Litoral_BL",NA,NA,2.96,-26.27,"West Vermilion-2018"
"170","Littoral","Trichoptera","Brachycentridae","Litoral_BL",NA,NA,4.14,-23.89,"West Vermilion-2018"
"171","Littoral","Ephemeroptera","Caenidae","Litoral_BL",NA,NA,2.17,-20.22,"West Vermilion-2018"
"172","Littoral","Amphipoda","Amphipoda","Litoral_BL",NA,NA,1.95,-20.67,"West Vermilion-2018"
"173","Littoral","Ephemeroptera","Heptageniidae","Litoral_BL",NA,NA,1.87,-20.86,"West Vermilion-2018"
"174","Littoral","Ephemeroptera","Leptophlebiidae","Litoral_BL",NA,NA,1.73,-23.86,"West Vermilion-2018"
"175","Littoral","Trichoptera","Philopotamidae","Litoral_BL",NA,NA,3.13,-21.02,"West Vermilion-2018"
"176","Littoral","Amphipoda","Amphipoda","Litoral_BL",NA,NA,3.46,-31.88,"West Vermilion-2018"
"177","Littoral","Trichoptera","Hydroptilidae","Litoral_BL",NA,NA,4.04,-32.95,"West Vermilion-2018"
"178","Littoral","Ephemeroptera","Ephemerellidae","Litoral_BL",NA,NA,2.55,-30.21,"West Vermilion-2018"
"179","Littoral","Ephemeroptera","Baetidae","Litoral_BL",NA,NA,1.98,-40.13,"West Vermilion-2018"
"180","Littoral","Ephemeroptera","Heptageniidae","Litoral_BL",NA,NA,5.11,-34.84,"East Vermilion-2018"
"181","Littoral","Ephemeroptera","Baetidae","Litoral_BL",NA,NA,5.57,-38.3,"East Vermilion-2018"
"182","Littoral","Amphipoda","Amphipoda","Litoral_BL",NA,NA,3.58,-25.17,"East Vermilion-2018"
"183","Littoral","Ephemeroptera","Heptageniidae","Litoral_BL",NA,NA,3.12,-26.56,"East Vermilion-2018"
"184","Littoral","Amphipoda","Amphipoda","Litoral_BL",NA,NA,3.37,-23.66,"East Vermilion-2018"
"185","Littoral","Ephemeroptera","Heptageniidae","Litoral_BL",NA,NA,2.89,-23.19,"East Vermilion-2018"
"186","Littoral","Ephemeroptera","Ephemerellidae","Litoral_BL",NA,NA,2.64,-26.59,"East Vermilion-2018"
"187","Littoral","Trichoptera","Leptoceridae","Litoral_BL",NA,NA,6.43,-21.96,"Winnie-2018"
"188","Littoral","Amphipoda","Amphipoda","Litoral_BL",NA,NA,5.27,-21.22,"Winnie-2018"
"189","Littoral","Amphipoda","Amphipoda","Litoral_BL",NA,NA,4.51,-19.77,"Winnie-2018"
"190","Littoral","Trichoptera","Leptoceridae","Litoral_BL",NA,NA,6.45,-19.57,"Winnie-2018"
"191","Littoral","Ephemeroptera","Caenidae","Litoral_BL",NA,NA,4.29,-22.93,"Winnie-2018"
"192","Littoral","Amphipoda","Amphipoda","Litoral_BL",NA,NA,5.02,-21.22,"Winnie-2018"
"193","Littoral","Trichoptera","Hydropsychidae","Litoral_BL",NA,NA,6.18,-22.52,"Winnie-2018"
"194","Littoral","Ephemeroptera","Heptageniidae","Litoral_BL",NA,NA,3.5,-24.1,"Winnie-2018"
"195","Littoral","Trichoptera","Leptoceridae","Litoral_BL",NA,NA,3.92,-20.65,"Winnie-2018"
"196","Littoral","Trichoptera","Hydropsychidae","Litoral_BL",NA,NA,6.04,-22.74,"Winnie-2018"
"197","Littoral","Ephemeroptera","Baetidae","Litoral_BL",NA,NA,4.32,-17.25,"Winnie-2018"
"198","Littoral","Amphipoda","Amphipoda","Litoral_BL",NA,NA,4.29,-19.43,"Winnie-2018"
"199","Littoral","Ephemeroptera","Caenidae","Litoral_BL",NA,NA,3.9,-21.03,"Winnie-2018"
"200","Littoral","Ephemeroptera","Ephemerellidae","Litoral_BL",NA,NA,5.13,-27.18,"Winnie-2018"
"201","Littoral","Trichoptera","Limnephilidae","Litoral_BL",NA,NA,7.18,-24.54,"Winnie-2018"
"202","Littoral","Ephemeroptera","Baetidae","Litoral_BL",NA,NA,4.65,-26.5,"Winnie-2018"
"203","Littoral","Trichoptera","Leptoceridae","Litoral_BL",NA,NA,6.21,-22.2,"Winnie-2018"
"204","Littoral","Ephemeroptera","Baetidae","Litoral_BL",NA,NA,4.07,-23.71,"Winnie-2018"
"205","Littoral","Trichoptera","Leptoceridae","Litoral_BL",NA,NA,4.64,-21.6,"Winnie-2018"
"206","Littoral","Amphipoda","Amphipoda","Litoral_BL",NA,NA,4.33,-20.42,"Winnie-2018"
"207","Littoral","Ephemeroptera","Caenidae","Litoral_BL",NA,NA,5.7,-22.79,"Winnie-2018"
"208","Littoral","Trichoptera","Leptoceridae","Litoral_BL",NA,NA,5.49,-19.33,"Winnie-2018"
"209","Pelagic","Zooplankton","Cladocera","Pelagic_BL",NA,NA,7.385302138,-32.99569921,"Cass-2018"
"210","Pelagic","Zooplankton","Cladocera","Pelagic_BL",NA,NA,9.88491213,-34.01262158,"Cass-2018"
"211","Pelagic","Zooplankton","Cladocera","Pelagic_BL",NA,NA,8.124736606,-31.00404592,"Cass-2018"
"212","Pelagic","Zooplankton","Cladocera","Pelagic_BL",NA,NA,8.766718432,-31.61636301,"Cass-2018"
"213","Pelagic","Deepwater Zooplankton","Cladocera","Pelagic_BL",NA,NA,8.55272449,-32.04260494,"Cass-2018"
"214","Pelagic","Deepwater Zooplankton","Cladocera","Pelagic_BL",NA,NA,4.796276837,-29.21253161,"Cass-2018"
"215","Pelagic","Deepwater Zooplankton","Cladocera","Pelagic_BL",NA,NA,10.68362191,-30.75089716,"Cass-2018"
"216","Pelagic","Deepwater Zooplankton","Cladocera","Pelagic_BL",NA,NA,4.362260954,-28.99075598,"Cass-2018"
"217","Littoral","Chironomidae","Chironomidae","Pelagic_BL",NA,NA,5.66,-31.15,"Kabetogama-2018"
"218","Littoral","Chironomidae","Chironomidae","Pelagic_BL",NA,NA,5.34,-32.17,"Kabetogama-2018"
"219","Littoral","Chironomidae","Chironomidae","Pelagic_BL",NA,NA,5.23,-32.59,"Kabetogama-2018"
"220","Littoral","Chironomidae","Chironomidae","Pelagic_BL",NA,NA,6.07,-31.42,"Kabetogama-2018"
"221","Littoral","Sphaeriidae","Sphaeriidae","Pelagic_BL",NA,NA,3.23,-28.03,"Kabetogama-2018"
"222","Littoral","Sphaeriidae","Sphaeriidae","Pelagic_BL",NA,NA,4.33,-31.72,"Kabetogama-2018"
"223","Littoral","Chironomidae","Chironomidae","Pelagic_BL",NA,NA,5.14,-31.05,"Kabetogama-2018"
"224","Pelagic","Zooplankton","Cladocera","Pelagic_BL",NA,NA,4.607399555,-31.09600166,"Kabetogama-2018"
"225","Littoral","Sphaeriidae","Sphaeriidae","Pelagic_BL",NA,NA,4.51,-28.28,"Leech-2017"
"226","Littoral","Ephemeroptera","Hexagenia","Pelagic_BL",NA,NA,4.56,-28.38,"Leech-2017"
"227","Littoral","Ephemeroptera","Hexagenia","Pelagic_BL",NA,NA,3.63,-25.93,"Leech-2017"
"228","Littoral","Ephemeroptera","Hexagenia","Pelagic_BL",NA,NA,5.16,-25.76,"Leech-2017"
"229","Littoral","Ephemeroptera","Hexagenia","Pelagic_BL",NA,NA,5.02,-25.24,"Leech-2017"
"230","Pelagic","Zooplankton","Cladocera","Pelagic_BL",NA,NA,7.78,-32.47,"Leech-2017"
"231","Pelagic","Zooplankton","Cladocera","Pelagic_BL",NA,NA,5.15,-31.96,"Leech-2017"
"232","Pelagic","Zooplankton","Cladocera","Pelagic_BL",NA,NA,6.42,-25.59,"Leech-2017"
"233","Pelagic","Zooplankton","Cladocera","Pelagic_BL",NA,NA,10.16,-32.21,"Leech-2017"
"234","Pelagic","Zooplankton","Cladocera","Pelagic_BL",NA,NA,7.59,-26.22,"Leech-2017"
"235","Pelagic","Deepwater Zooplankton","Cladocera","Pelagic_BL",NA,NA,4.358242289,-30.97050912,"Leech-2018"
"236","Pelagic","Deepwater Zooplankton","Cladocera","Pelagic_BL",NA,NA,10.10493407,-32.86587933,"Leech-2018"
"237","Pelagic","Deepwater Zooplankton","Cladocera","Pelagic_BL",NA,NA,5.552790633,-29.55547245,"Leech-2018"
"238","Pelagic","Deepwater Zooplankton","Cladocera","Pelagic_BL",NA,NA,6.751357643,-28.56343222,"Leech-2018"
"239","Pelagic","Deepwater Zooplankton","Cladocera","Pelagic_BL",NA,NA,7.960975983,-29.10110288,"Leech-2018"
"240","Pelagic","Zooplankton","Cladocera","Pelagic_BL",NA,NA,7.81,-31,"Leech-2017"
"241","Pelagic","Zooplankton","Cladocera","Pelagic_BL",NA,NA,7.09,-26.72,"Leech-2017"
"242","Pelagic","Zooplankton","Cladocera","Pelagic_BL",NA,NA,7.22,-30.85,"Leech-2017"
"243","Pelagic","Zooplankton","Cladocera","Pelagic_BL",NA,NA,6.46,-25.72,"Leech-2017"
"244","Pelagic","Zooplankton","Cladocera","Pelagic_BL",NA,NA,4.05,-33.33,"Leech-2017"
"245","Pelagic","Zooplankton","Cladocera","Pelagic_BL",NA,NA,7.61,-25.37,"Lower Red-2017"
"246","Pelagic","Zooplankton","Cladocera","Pelagic_BL",NA,NA,6,-25.39,"Lower Red-2017"
"247","Pelagic","Zooplankton","Cladocera","Pelagic_BL",NA,NA,6.04,-26.96,"Lower Red-2017"
"248","Littoral","Ephemeroptera","Hexagenia","Pelagic_BL",NA,NA,4.85,-31.37,"Lake of the Woods-2018"
"249","Littoral","Ephemeroptera","Hexagenia","Pelagic_BL",NA,NA,5.1,-31.34,"Lake of the Woods-2018"
"250","Littoral","Ephemeroptera","Hexagenia","Pelagic_BL",NA,NA,5.37,-29.11,"Lake of the Woods-2018"
"251","Littoral","Ephemeroptera","Hexagenia","Pelagic_BL",NA,NA,5.48,-28.99,"Lake of the Woods-2018"
"252","Littoral","Sphaeriidae","Sphaeriidae","Pelagic_BL",NA,NA,4.42,-30.16,"Lake of the Woods-2018"
"253","Littoral","Ephemeroptera","Hexagenia","Pelagic_BL",NA,NA,5.9,-27.92,"Lake of the Woods-2018"
"254","Littoral","Ephemeroptera","Hexagenia","Pelagic_BL",NA,NA,5.74,-27.95,"Lake of the Woods-2018"
"255","Littoral","Ephemeroptera","Hexagenia","Pelagic_BL",NA,NA,5.55,-28.43,"Lake of the Woods-2018"
"256","Littoral","Sphaeriidae","Sphaeriidae","Pelagic_BL",NA,NA,4.36,-29.94,"Lake of the Woods-2018"
"257","Pelagic","Zooplankton","Cladocera","Pelagic_BL",NA,NA,4.25476165,-29.95683224,"Lake of the Woods-2018"
"258","Pelagic","Zooplankton","Cladocera","Pelagic_BL",NA,NA,4.423545604,-29.10543021,"Lake of the Woods-2018"
"259","Pelagic","Zooplankton","Cladocera","Pelagic_BL",NA,NA,5.204171394,-28.47688563,"Lake of the Woods-2018"
"260","Pelagic","Zooplankton","Cladocera","Pelagic_BL",NA,NA,3.11747929,-28.81766281,"Lake of the Woods-2018"
"261","Pelagic","Zooplankton","Cladocera","Pelagic_BL",NA,NA,9.17,-26.05,"Mille Lacs-2017"
"262","Pelagic","Zooplankton","Cladocera","Pelagic_BL",NA,NA,9.16,-26.16,"Mille Lacs-2017"
"263","Pelagic","Zooplankton","Cladocera","Pelagic_BL",NA,NA,9.84,-27.07,"Mille Lacs-2017"
"264","Pelagic","Zooplankton","Cladocera","Pelagic_BL",NA,NA,9.8,-26.28,"Mille Lacs-2017"
"265","Pelagic","Zooplankton","Cladocera","Pelagic_BL",NA,NA,8.56,-26.25,"Mille Lacs-2017"
"266","Pelagic","Zooplankton","Cladocera","Pelagic_BL",NA,NA,9.59,-25.68,"Mille Lacs-2017"
"267","Littoral","Ephemeroptera","Hexagenia","Pelagic_BL",NA,NA,4.14,-28.85,"Mille Lacs-2017"
"268","Littoral","Ephemeroptera","Hexagenia","Pelagic_BL",NA,NA,7.41,-26.71,"Mille Lacs-2017"
"269","Littoral","Ephemeroptera","Hexagenia","Pelagic_BL",NA,NA,6.76,-26.52,"Mille Lacs-2017"
"270","Littoral","Ephemeroptera","Hexagenia","Pelagic_BL",NA,NA,5.81,-22.06,"Mille Lacs-2017"
"271","Littoral","Ephemeroptera","Hexagenia","Pelagic_BL",NA,NA,6.64,-25.48,"Mille Lacs-2017"
"272","Littoral","Sphaeriidae","Sphaeriidae","Pelagic_BL",NA,NA,6.16,-26.04,"Mille Lacs-2017"
"273","Littoral","Ephemeroptera","Hexagenia","Pelagic_BL",NA,NA,5.48,-30.27,"Rainy-2018"
"274","Littoral","Ephemeroptera","Hexagenia","Pelagic_BL",NA,NA,6.14,-28.28,"Rainy-2018"
"275","Littoral","Sphaeriidae","Sphaeriidae","Pelagic_BL",NA,NA,3.11,-30.37,"Rainy-2018"
"276","Littoral","Ephemeroptera","Hexagenia","Pelagic_BL",NA,NA,6.08,-29.7,"Rainy-2018"
"277","Littoral","Ephemeroptera","Hexagenia","Pelagic_BL",NA,NA,6.5,-27.81,"Rainy-2018"
"278","Littoral","Ephemeroptera","Hexagenia","Pelagic_BL",NA,NA,4.39,-29.38,"Rainy-2018"
"279","Littoral","Sphaeriidae","Sphaeriidae","Pelagic_BL",NA,NA,2.61,-31.71,"Rainy-2018"
"280","Pelagic","Zooplankton","Cladocera","Pelagic_BL",NA,NA,2.482593009,-29.06716298,"Rainy-2018"
"281","Pelagic","Zooplankton","Cladocera","Pelagic_BL",NA,NA,5.024872134,-33.89352105,"Rainy-2018"
"282","Pelagic","Zooplankton","Cladocera","Pelagic_BL",NA,NA,1.852749082,-29.18653146,"Rainy-2018"
"283","Pelagic","Zooplankton","Cladocera","Pelagic_BL",NA,NA,2.326433358,-28.55850269,"Rainy-2018"
"284","Pelagic","Zooplankton","Cladocera","Pelagic_BL",NA,NA,3.801621531,-29.52743064,"Rainy-2018"
"285","Pelagic","Zooplankton","Cladocera","Pelagic_BL",NA,NA,2.872992137,-28.4402096,"Rainy-2018"
"286","Pelagic","Zooplankton","Cladocera","Pelagic_BL",NA,NA,3.489302228,-30.56733444,"Rainy-2018"
"287","Pelagic","Zooplankton","Cladocera","Pelagic_BL",NA,NA,3.698556161,-30.14578088,"Rainy-2018"
"288","Pelagic","Deepwater Zooplankton","Cladocera","Pelagic_BL",NA,NA,3.062465848,-28.80691818,"Rainy-2018"
"289","Pelagic","Zooplankton","Cladocera","Pelagic_BL",NA,NA,1.51,-26.46,"Upper Red-2017"
"290","Pelagic","Zooplankton","Cladocera","Pelagic_BL",NA,NA,3.28,-26.29,"Upper Red-2017"
"291","Pelagic","Zooplankton","Cladocera","Pelagic_BL",NA,NA,4,-25.76,"Upper Red-2017"
"292","Littoral","Sphaeriidae","Sphaeriidae","Pelagic_BL",NA,NA,4.82,-31.72,"West Vermilion-2018"
"293","Littoral","Sphaeriidae","Sphaeriidae","Pelagic_BL",NA,NA,4.76,-33.7,"East Vermilion-2018"
"294","Littoral","Ephemeroptera","Hexagenia","Pelagic_BL",NA,NA,5.38,-31.08,"East Vermilion-2018"
"295","Littoral","Sphaeriidae","Sphaeriidae","Pelagic_BL",NA,NA,4.81,-32.92,"East Vermilion-2018"
"296","Littoral","Sphaeriidae","Sphaeriidae","Pelagic_BL",NA,NA,5.5,-32.31,"West Vermilion-2018"
"297","Littoral","Sphaeriidae","Sphaeriidae","Pelagic_BL",NA,NA,5.66,-30.22,"East Vermilion-2018"
"298","Pelagic","Zooplankton","Cladocera","Pelagic_BL",NA,NA,5.15494274,-31.93009438,"East Vermilion-2018"
"299","Pelagic","Zooplankton","Cladocera","Pelagic_BL",NA,NA,4.514970246,-31.61203568,"West Vermilion-2018"
"300","Pelagic","Zooplankton","Cladocera","Pelagic_BL",NA,NA,4.739010853,-31.71589158,"East Vermilion-2018"
"301","Pelagic","Zooplankton","Cladocera","Pelagic_BL",NA,NA,3.474135861,-30.58213131,"West Vermilion-2018"
"302","Pelagic","Zooplankton","Cladocera","Pelagic_BL",NA,NA,6.535354368,-31.06138303,"East Vermilion-2018"
"303","Littoral","Sphaeriidae","Sphaeriidae","Pelagic_BL",NA,NA,8.23,-25.58,"Winnie-2018"
"304","Littoral","Sphaeriidae","Sphaeriidae","Pelagic_BL",NA,NA,7.21,-28.21,"Winnie-2018"
"305","Pelagic","Zooplankton","Cladocera","Pelagic_BL",NA,NA,7.642107892,-28.70475597,"Winnie-2018"
"306","Pelagic","Zooplankton","Cladocera","Pelagic_BL",NA,NA,5.600580716,-29.53065681,"Winnie-2018"
"307","Pelagic","Zooplankton","Cladocera","Pelagic_BL",NA,NA,7.953386131,-28.44343578,"Winnie-2018"
"308","Pelagic","Zooplankton","Cladocera","Pelagic_BL",NA,NA,5.956624721,-29.29299524,"Winnie-2018"
"309","Pelagic","Zooplankton","Cladocera","Pelagic_BL",NA,NA,5.387162525,-28.85316002,"Winnie-2018"
"310","Pelagic","Zooplankton","Cladocera","Pelagic_BL",NA,NA,7.073686761,-28.83380297,"Winnie-2018"
"311","Pelagic","Zooplankton","Cladocera","Pelagic_BL",NA,NA,8.667256459,-32.0512596,"Cass-2018"
"312","Pelagic","Zooplankton","Cladocera","Pelagic_BL",NA,NA,9.73722617,-32.83342436,"Cass-2018"
"313","Pelagic","Zooplankton","Cladocera","Pelagic_BL",NA,NA,8.406043196,-29.6777195,"Cass-2018"
"314","Pelagic","Zooplankton","Cladocera","Pelagic_BL",NA,NA,5.077583428,-28.06470752,"Kabetogama-2018"
"315","Pelagic","Zooplankton","Cladocera","Pelagic_BL",NA,NA,9.14,-28.82,"Leech-2017"
"316","Pelagic","Zooplankton","Cladocera","Pelagic_BL",NA,NA,7.05,-27.64,"Leech-2017"
"317","Pelagic","Zooplankton","Cladocera","Pelagic_BL",NA,NA,8.86,-26.57,"Leech-2017"
"318","Pelagic","Zooplankton","Cladocera","Pelagic_BL",NA,NA,6.11,-29.82,"Leech-2017"
"319","Pelagic","Zooplankton","Cladocera","Pelagic_BL",NA,NA,9.55,-25.9,"Leech-2017"
"320","Pelagic","Zooplankton","Cladocera","Pelagic_BL",NA,NA,12.09,-24.47,"Lower Red-2017"
"321","Pelagic","Zooplankton","Cladocera","Pelagic_BL",NA,NA,11.34,-25.8,"Lower Red-2017"
"322","Pelagic","Zooplankton","Cladocera","Pelagic_BL",NA,NA,9.62,-25.07,"Lower Red-2017"
"323","Pelagic","Zooplankton","Cladocera","Pelagic_BL",NA,NA,6.970374917,-28.81441731,"Lake of the Woods-2018"
"324","Pelagic","Zooplankton","Cladocera","Pelagic_BL",NA,NA,7.418456129,-28.87283626,"Lake of the Woods-2018"
"325","Pelagic","Zooplankton","Cladocera","Pelagic_BL",NA,NA,5.902414539,-29.2190226,"Lake of the Woods-2018"
"326","Pelagic","Zooplankton","Cladocera","Pelagic_BL",NA,NA,10.31,-24.44,"Mille Lacs-2017"
"327","Pelagic","Zooplankton","Cladocera","Pelagic_BL",NA,NA,9.97,-25.79,"Mille Lacs-2017"
"328","Pelagic","Zooplankton","Cladocera","Pelagic_BL",NA,NA,9.24,-25.55,"Mille Lacs-2017"
"329","Pelagic","Zooplankton","Cladocera","Pelagic_BL",NA,NA,9.12,-25.32,"Mille Lacs-2017"
"330","Pelagic","Zooplankton","Cladocera","Pelagic_BL",NA,NA,9.21,-25.53,"Mille Lacs-2017"
"331","Pelagic","Zooplankton","Cladocera","Pelagic_BL",NA,NA,4.753154341,-27.93585088,"Rainy-2018"
"332","Pelagic","Zooplankton","Cladocera","Pelagic_BL",NA,NA,5.871257445,-30.44151361,"Rainy-2018"
"333","Pelagic","Zooplankton","Cladocera","Pelagic_BL",NA,NA,5.349684209,-30.43613665,"Rainy-2018"
"334","Pelagic","Zooplankton","Cladocera","Pelagic_BL",NA,NA,4.240950684,-28.09608425,"Rainy-2018"
"335","Pelagic","Zooplankton","Cladocera","Pelagic_BL",NA,NA,4.919724636,-28.27029771,"Rainy-2018"
"336","Pelagic","Zooplankton","Cladocera","Pelagic_BL",NA,NA,3.92,-24.43,"Upper Red-2017"
"337","Pelagic","Zooplankton","Cladocera","Pelagic_BL",NA,NA,3.54,-24.79,"Upper Red-2017"
"338","Pelagic","Zooplankton","Cladocera","Pelagic_BL",NA,NA,3.83,-23.76,"Upper Red-2017"
"339","Pelagic","Zooplankton","Cladocera","Pelagic_BL",NA,NA,5.772356332,-27.24007243,"West Vermilion-2018"
"340","Pelagic","Zooplankton","Cladocera","Pelagic_BL",NA,NA,5.372587625,-30.88780117,"East Vermilion-2018"
"341","Pelagic","Zooplankton","Cladocera","Pelagic_BL",NA,NA,4.356508826,-28.70905753,"West Vermilion-2018"
"342","Pelagic","Zooplankton","Cladocera","Pelagic_BL",NA,NA,8.591558573,-26.95186745,"Winnie-2018"
"343","Pelagic","Zooplankton","Cladocera","Pelagic_BL",NA,NA,8.818510599,-28.02725918,"Winnie-2018"
"344","Pelagic","Zooplankton","Cladocera","Pelagic_BL",NA,NA,8.735225452,-27.20458451,"Winnie-2018"
"345","Pelagic","Zooplankton","Cladocera","Pelagic_BL",NA,NA,8.027301699,-26.19909324,"Winnie-2018"
"2560","Littoral","Amphipoda","Amphipoda","Litoral_BL",NA,NA,5.51,-23.48,"Cass-2018"
"2561","Littoral","Trichoptera","Hydropsychidae","Litoral_BL",NA,NA,7.45,-25.86,"Cass-2018"
"2562","Littoral","Amphipoda","Amphipoda","Litoral_BL",NA,NA,5.32,-22.74,"Cass-2018"
"2563","Littoral","Ephemeroptera","Baetidae","Litoral_BL",NA,NA,4.26,-27.16,"Cass-2018"
"2564","Littoral","Amphipoda","Amphipoda","Litoral_BL",NA,NA,5.94,-26.07,"Cass-2018"
"2565","Littoral","Amphipoda","Amphipoda","Litoral_BL",NA,NA,5.24,-25.67,"Cass-2018"
"2566","Littoral","Ephemeroptera","Caenidae","Litoral_BL",NA,NA,3.99,-27.01,"Cass-2018"
"2567","Littoral","Amphipoda","Amphipoda","Litoral_BL",NA,NA,4.44,-25.15,"Cass-2018"
"2568","Littoral","Amphipoda","Amphipoda","Litoral_BL",NA,NA,5.29,-23.22,"Cass-2018"
"2569","Littoral","Ephemeroptera","Caenidae","Litoral_BL",NA,NA,4.57,-25.56,"Cass-2018"
"2570","Littoral","Ephemeroptera","Baetidae","Litoral_BL",NA,NA,5.01,-25.31,"Cass-2018"
"2571","Littoral","Ephemeroptera","Heptageniidae","Litoral_BL",NA,NA,3.75,-25.6,"Cass-2018"
"2572","Littoral","Ephemeroptera","Baetidae","Litoral_BL",NA,NA,4.15,-27.21,"Cass-2018"
"2573","Littoral","Trichoptera","Leptoceridae","Litoral_BL",NA,NA,4.57,-25.04,"Kabetogama-2018"
"2574","Littoral","Trichoptera","Brachycentridae","Litoral_BL",NA,NA,3.37,-22.59,"Kabetogama-2018"
"2575","Littoral","Ephemeroptera","Caenidae","Litoral_BL",NA,NA,1.48,-20.64,"Kabetogama-2018"
"2576","Littoral","Amphipoda","Amphipoda","Litoral_BL",NA,NA,3.26,-22.69,"Kabetogama-2018"
"2577","Littoral","Trichoptera","Limnephilidae","Litoral_BL",NA,NA,2.5,-23.71,"Kabetogama-2018"
"2578","Littoral","Ephemeroptera","Heptageniidae","Litoral_BL",NA,NA,3.33,-20.42,"Kabetogama-2018"
"2579","Littoral","Amphipoda","Amphipoda","Litoral_BL",NA,NA,6.45,-23.67,"Kabetogama-2018"
"2580","Littoral","Ephemeroptera","Caenidae","Litoral_BL",NA,NA,3.13,-21.74,"Kabetogama-2018"
"2581","Littoral","Amphipoda","Amphipoda","Litoral_BL",NA,NA,3.11,-21.55,"Kabetogama-2018"
"2582","Littoral","Trichoptera","Limnephilidae","Litoral_BL",NA,NA,3.64,-16.32,"Kabetogama-2018"
"2583","Littoral","Trichoptera","Limnephilidae","Litoral_BL",NA,NA,3.47,-19.82,"Kabetogama-2018"
"2584","Littoral","Trichoptera","Limnephilidae","Litoral_BL",NA,NA,2.07,-18.5,"Kabetogama-2018"
"2585","Littoral","Ephemeroptera","Heptageniidae","Litoral_BL",NA,NA,1.83,-25.2,"Kabetogama-2018"
"2586","Littoral","Ephemeroptera","Leptophlebiidae","Litoral_BL",NA,NA,2.98,-28.01,"Kabetogama-2018"
"2587","Littoral","Trichoptera","Limnephilidae","Litoral_BL",NA,NA,2.59,-22.92,"Kabetogama-2018"
"2588","Littoral","Ephemeroptera","Heptageniidae","Litoral_BL",NA,NA,2.82,-19.4,"Kabetogama-2018"
"2589","Littoral","Ephemeroptera","Ephemeroptera","Litoral_BL",NA,NA,2.89,-21.98,"Kabetogama-2018"
"2590","Littoral","Trichoptera","Hydropsychidae","Litoral_BL",NA,NA,3.4,-31.92,"Kabetogama-2018"
"2591","Littoral","Trichoptera","Leptoceridae","Litoral_BL",NA,NA,4.94,-21.88,"Kabetogama-2018"
"2592","Littoral","Trichoptera","Brachycentridae","Litoral_BL",NA,NA,4.34,-17.81,"Kabetogama-2018"
"2593","Littoral","Amphipoda","Amphipoda","Litoral_BL",NA,NA,1.78,-17.71,"Kabetogama-2018"
"2594","Littoral","Ephemeroptera","Leptophlebiidae","Litoral_BL",NA,NA,2.66,-24.56,"Kabetogama-2018"
"2595","Littoral","Ephemeroptera","Baetidae","Litoral_BL",NA,NA,3.7,-24.76,"Kabetogama-2018"
"2596","Littoral","Trichoptera","Limnephilidae","Litoral_BL",NA,NA,2.66,-20.36,"Kabetogama-2018"
"2597","Littoral","Trichoptera","Leptoceridae","Litoral_BL",NA,NA,4.78,-29.02,"Kabetogama-2018"
"2598","Littoral","Amphipoda","Amphipoda","Litoral_BL",NA,NA,3.06,-20.27,"Kabetogama-2018"
"2599","Littoral","Amphipoda","Amphipoda","Litoral_BL",NA,NA,4.2,-22.3,"Kabetogama-2018"
"2600","Littoral","Ephemeroptera","Baetidae","Litoral_BL",NA,NA,2.78,-22.67,"Kabetogama-2018"
"2601","Littoral","Trichoptera","Leptoceridae","Litoral_BL",NA,NA,5.09,-23.95,"Kabetogama-2018"
"2602","Littoral","Amphipoda","Amphipoda","Litoral_BL",NA,NA,4.57,-21.77,"Leech-2017"
"2603","Littoral","Ephemeroptera","Caenidae","Litoral_BL",NA,NA,4.35,-21.47,"Leech-2017"
"2604","Littoral","Amphipoda","Amphipoda","Litoral_BL",NA,NA,5.15,-22.32,"Leech-2017"
"2605","Littoral","Ephemeroptera","Caenidae","Litoral_BL",NA,NA,4.66,-23.62,"Leech-2017"
"2606","Littoral","Ephemeroptera","Hexagenia","Litoral_BL",NA,NA,5.03,-24.36,"Leech-2017"
"2607","Littoral","Ephemeroptera","Baetidae","Litoral_BL",NA,NA,4.47,-22.39,"Leech-2017"
"2608","Littoral","Trichoptera","Cheumatopsyche","Litoral_BL",NA,NA,5.33,-26.8,"Leech-2017"
"2609","Littoral","Ephemeroptera","Heptageniidae","Litoral_BL",NA,NA,4.46,-25.86,"Leech-2017"
"2610","Littoral","Amphipoda","Amphipoda","Litoral_BL",NA,NA,4.62,-23.98,"Leech-2017"
"2611","Littoral","Trichoptera","Limnephilidae","Litoral_BL",NA,NA,9.11,-31.55,"Leech-2017"
"2612","Littoral","Trichoptera","Phryganeidae","Litoral_BL",NA,NA,4.9,-19.16,"Leech-2017"
"2613","Littoral","Amphipoda","Amphipoda","Litoral_BL",NA,NA,4.51,-22.12,"Leech-2017"
"2614","Littoral","Ephemeroptera","Caenidae","Litoral_BL",NA,NA,3.96,-23.33,"Leech-2017"
"2615","Littoral","Trichoptera","Hydropsychidae","Litoral_BL",NA,NA,7.19,-26.68,"Leech-2017"
"2616","Littoral","Amphipoda","Amphipoda","Litoral_BL",NA,NA,5.71,-22.79,"Leech-2017"
"2617","Littoral","Ephemeroptera","Caenidae","Litoral_BL",NA,NA,6.72,-24.07,"Leech-2017"
"2618","Littoral","Ephemeroptera","Caenidae","Litoral_BL",NA,NA,6.76,-21.14,"Leech-2017"
"2619","Littoral","Trichoptera","Phryganeidae","Litoral_BL",NA,NA,6.31,-24.08,"Leech-2017"
"2620","Littoral","Amphipoda","Amphipoda","Litoral_BL",NA,NA,5.44,-20.93,"Leech-2017"
"2621","Littoral","Amphipoda","Amphipoda","Litoral_BL",NA,NA,5.67,-23.55,"Lake of the Woods-2018"
"2622","Littoral","Trichoptera","Leptoceridae","Litoral_BL",NA,NA,5.85,-23.83,"Lake of the Woods-2018"
"2623","Littoral","Ephemeroptera","Heptageniidae","Litoral_BL",NA,NA,4.42,-24.47,"Lake of the Woods-2018"
"2624","Littoral","Amphipoda","Amphipoda","Litoral_BL",NA,NA,4.57,-23.79,"Lake of the Woods-2018"
"2625","Littoral","Trichoptera","Hydropsychidae","Litoral_BL",NA,NA,5.21,-26.71,"Lake of the Woods-2018"
"2626","Littoral","Ephemeroptera","Heptageniidae","Litoral_BL",NA,NA,4.29,-24.02,"Lake of the Woods-2018"
"2627","Littoral","Trichoptera","Leptoceridae","Litoral_BL",NA,NA,5.28,-24.53,"Lake of the Woods-2018"
"2628","Littoral","Ephemeroptera","Caenidae","Litoral_BL",NA,NA,4.23,-23.86,"Lake of the Woods-2018"
"2629","Littoral","Ephemeroptera","Heptageniidae","Litoral_BL",NA,NA,4.71,-24.24,"Lake of the Woods-2018"
"2630","Littoral","Ephemeroptera","Heptageniidae","Litoral_BL",NA,NA,4.43,-24.28,"Lake of the Woods-2018"
"2631","Littoral","Amphipoda","Amphipoda","Litoral_BL",NA,NA,4.48,-22.29,"Lake of the Woods-2018"
"2632","Littoral","Trichoptera","Leptoceridae","Litoral_BL",NA,NA,5.79,-24.97,"Lake of the Woods-2018"
"2633","Littoral","Trichoptera","Hydropsychidae","Litoral_BL",NA,NA,5.54,-28.46,"Lake of the Woods-2018"
"2634","Littoral","Trichoptera","Helicopsychidae","Litoral_BL",NA,NA,3.66,-19.18,"Lake of the Woods-2018"
"2635","Littoral","Amphipoda","Amphipoda","Litoral_BL",NA,NA,4.73,-19.45,"Lake of the Woods-2018"
"2636","Littoral","Amphipoda","Amphipoda","Litoral_BL",NA,NA,3.69,-19.89,"Lake of the Woods-2018"
"2637","Littoral","Trichoptera","Leptoceridae","Litoral_BL",NA,NA,5,-24.63,"Lake of the Woods-2018"
"2638","Littoral","Ephemeroptera","Caenidae","Litoral_BL",NA,NA,3.56,-25.05,"Lake of the Woods-2018"
"2639","Littoral","Trichoptera","Hydropsychidae","Litoral_BL",NA,NA,5.46,-25.27,"Lake of the Woods-2018"
"2640","Littoral","Ephemeroptera","Caenidae","Litoral_BL",NA,NA,4.4,-24.18,"Lake of the Woods-2018"
"2641","Littoral","Trichoptera","Hydropsychidae","Litoral_BL",NA,NA,5.9,-26.39,"Lake of the Woods-2018"
"2642","Littoral","Amphipoda","Amphipoda","Litoral_BL",NA,NA,4.35,-22.38,"Lake of the Woods-2018"
"2643","Littoral","Ephemeroptera","Heptageniidae","Litoral_BL",NA,NA,4.22,-24.87,"Lake of the Woods-2018"
"2644","Littoral","Trichoptera","Leptoceridae","Litoral_BL",NA,NA,6.11,-24.47,"Lake of the Woods-2018"
"2645","Littoral","Trichoptera","Leptoceridae","Litoral_BL",NA,NA,6.58,-26.29,"Lake of the Woods-2018"
"2646","Littoral","Amphipoda","Amphipoda","Litoral_BL",NA,NA,6.02,-17.03,"Mille Lacs-2017"
"2647","Littoral","Trichoptera","Hydropsychidae","Litoral_BL",NA,NA,7.63,-18.99,"Mille Lacs-2017"
"2648","Littoral","Trichoptera","Helicopsychidae","Litoral_BL",NA,NA,4.11,-14.87,"Mille Lacs-2017"
"2649","Littoral","Trichoptera","Phryganeidae","Litoral_BL",NA,NA,7.03,-16.91,"Mille Lacs-2017"
"2650","Littoral","Amphipoda","Amphipoda","Litoral_BL",NA,NA,6.25,-22.92,"Mille Lacs-2017"
"2651","Littoral","Trichoptera","Leptoceridae","Litoral_BL",NA,NA,7.73,-23.62,"Mille Lacs-2017"
"2652","Littoral","Ephemeroptera","Baetidae","Litoral_BL",NA,NA,5.34,-14.69,"Mille Lacs-2017"
"2653","Littoral","Amphipoda","Amphipoda","Litoral_BL",NA,NA,4.85,-13.27,"Mille Lacs-2017"
"2654","Littoral","Ephemeroptera","Caenidae","Litoral_BL",NA,NA,5.35,-14.6,"Mille Lacs-2017"
"2655","Littoral","Ephemeroptera","Baetidae","Litoral_BL",NA,NA,4.66,-20.45,"Mille Lacs-2017"
"2656","Littoral","Trichoptera","Hydropsychidae","Litoral_BL",NA,NA,6.41,-18.19,"Mille Lacs-2017"
"2657","Littoral","Amphipoda","Amphipoda","Litoral_BL",NA,NA,5.21,-18.09,"Mille Lacs-2017"
"2658","Littoral","Amphipoda","Amphipoda","Litoral_BL",NA,NA,5.45,-16.33,"Mille Lacs-2017"
"2659","Littoral","Trichoptera","Hydropsychidae","Litoral_BL",NA,NA,6.36,-17.25,"Mille Lacs-2017"
"2660","Littoral","Trichoptera","Helicopsychidae","Litoral_BL",NA,NA,3.14,-14.86,"Mille Lacs-2017"
"2661","Littoral","Trichoptera","Limnephilidae","Litoral_BL",NA,NA,7.67,-21.25,"Mille Lacs-2017"
"2662","Littoral","Amphipoda","Amphipoda","Litoral_BL",NA,NA,6.48,-21.95,"Lower Red-2017"
"2663","Littoral","Ephemeroptera","Caenidae","Litoral_BL",NA,NA,4.68,-21.8,"Lower Red-2017"
"2664","Littoral","Trichoptera","Leptoceridae","Litoral_BL",NA,NA,7.23,-21.27,"Lower Red-2017"
"2665","Littoral","Amphipoda","Amphipoda","Litoral_BL",NA,NA,1.52,-22.33,"Upper Red-2017"
"2666","Littoral","Ephemeroptera","Caenidae","Litoral_BL",NA,NA,2.03,-22.24,"Upper Red-2017"
"2667","Littoral","Trichoptera","Leptoceridae","Litoral_BL",NA,NA,4.55,-23.56,"Lower Red-2017"
"2668","Littoral","Amphipoda","Amphipoda","Litoral_BL",NA,NA,5.01,-24.46,"Lower Red-2017"
"2669","Littoral","Ephemeroptera","Caenidae","Litoral_BL",NA,NA,3.66,-24.51,"Lower Red-2017"
"2670","Littoral","Amphipoda","Amphipoda","Litoral_BL",NA,NA,2.91,-24.62,"Upper Red-2017"
"2671","Littoral","Amphipoda","Amphipoda","Litoral_BL",NA,NA,2.6,-22.38,"Upper Red-2017"
"2672","Littoral","Ephemeroptera","Heptageniidae","Litoral_BL",NA,NA,0.75,-19.27,"Upper Red-2017"
"2673","Littoral","Amphipoda","Amphipoda","Litoral_BL",NA,NA,5.47,-20.81,"Lower Red-2017"
"2674","Littoral","Amphipoda","Amphipoda","Litoral_BL",NA,NA,2.29,-22.66,"Upper Red-2017"
"2675","Littoral","Ephemeroptera","Caenidae","Litoral_BL",NA,NA,2,-23.78,"Upper Red-2017"
"2676","Littoral","Ephemeroptera","Hexagenia","Litoral_BL",NA,NA,0.28,-18.07,"Rainy-2018"
"2677","Littoral","Ephemeroptera","Ephemeroptera","Litoral_BL",NA,NA,1.43,-22.58,"Rainy-2018"
"2678","Littoral","Amphipoda","Amphipoda","Litoral_BL",NA,NA,0.38,-17.24,"Rainy-2018"
"2679","Littoral","Trichoptera","Limnephilidae","Litoral_BL",NA,NA,1.29,-20.13,"Rainy-2018"
"2680","Littoral","Ephemeroptera","Heptageniidae","Litoral_BL",NA,NA,0.27,-17.02,"Rainy-2018"
"2681","Littoral","Amphipoda","Amphipoda","Litoral_BL",NA,NA,0.85,-14.78,"Rainy-2018"
"2682","Littoral","Ephemeroptera","Hexagenia","Litoral_BL",NA,NA,1.6,-17.56,"Rainy-2018"
"2683","Littoral","Ephemeroptera","Heptageniidae","Litoral_BL",NA,NA,1.01,-15.96,"Rainy-2018"
"2684","Littoral","Ephemeroptera","Caenidae","Litoral_BL",NA,NA,-0.26,-14.75,"Rainy-2018"
"2685","Littoral","Ephemeroptera","Heptageniidae","Litoral_BL",NA,NA,1.33,-16.97,"Rainy-2018"
"2686","Littoral","Trichoptera","Limnephilidae","Litoral_BL",NA,NA,0.32,-16.2,"Rainy-2018"
"2687","Littoral","Ephemeroptera","Caenidae","Litoral_BL",NA,NA,1.06,-17.11,"Rainy-2018"
"2688","Littoral","Ephemeroptera","Hexagenia","Litoral_BL",NA,NA,1.3,-18.67,"Rainy-2018"
"2689","Littoral","Amphipoda","Amphipoda","Litoral_BL",NA,NA,1,-15.45,"Rainy-2018"
"2690","Littoral","Trichoptera","Hydropsychidae","Litoral_BL",NA,NA,2.7,-32.79,"Rainy-2018"
"2691","Littoral","Amphipoda","Amphipoda","Litoral_BL",NA,NA,2.92,-26.82,"Rainy-2018"
"2692","Littoral","Ephemeroptera","Heptageniidae","Litoral_BL",NA,NA,0.94,-17.84,"Rainy-2018"
"2693","Littoral","Ephemeroptera","Hexagenia","Litoral_BL",NA,NA,1.66,-19.1,"Rainy-2018"
"2694","Littoral","Trichoptera","Leptoceridae","Litoral_BL",NA,NA,1.29,-24.64,"Rainy-2018"
"2695","Littoral","Ephemeroptera","Caenidae","Litoral_BL",NA,NA,0.82,-17.6,"Rainy-2018"
"2696","Littoral","Amphipoda","Amphipoda","Litoral_BL",NA,NA,1.6,-17.03,"Rainy-2018"
"2697","Littoral","Trichoptera","Limnephilidae","Litoral_BL",NA,NA,1.45,-19.35,"Rainy-2018"
"2698","Littoral","Trichoptera","Limnephilidae","Litoral_BL",NA,NA,0.58,-17.97,"Rainy-2018"
"2699","Littoral","Ephemeroptera","Caenidae","Litoral_BL",NA,NA,0.55,-15.36,"Rainy-2018"
"2700","Littoral","Ephemeroptera","Heptageniidae","Litoral_BL",NA,NA,1.05,-15.06,"Rainy-2018"
"2701","Littoral","Trichoptera","Leptoceridae","Litoral_BL",NA,NA,4.56,-25.32,"Rainy-2018"
"2702","Littoral","Trichoptera","Molanna","Litoral_BL",NA,NA,1.44,-18.73,"Rainy-2018"
"2703","Littoral","Trichoptera","Limnephilidae","Litoral_BL",NA,NA,-0.27,-20.86,"Rainy-2018"
"2704","Littoral","Amphipoda","Amphipoda","Litoral_BL",NA,NA,0.53,-17.84,"Rainy-2018"
"2705","Littoral","Ephemeroptera","Heptageniidae","Litoral_BL",NA,NA,0.31,-17,"Rainy-2018"
"2706","Littoral","Trichoptera","Brachycentridae","Litoral_BL",NA,NA,0.55,-17.51,"Rainy-2018"
"2707","Littoral","Ephemeroptera","Heptageniidae","Litoral_BL",NA,NA,2.59,-22.56,"Rainy-2018"
"2708","Littoral","Trichoptera","Hydropsychidae","Litoral_BL",NA,NA,1.69,-30.57,"Rainy-2018"
"2709","Littoral","Amphipoda","Amphipoda","Litoral_BL",NA,NA,1.37,-23.24,"Rainy-2018"
"2710","Littoral","Trichoptera","Helicopsychidae","Litoral_BL",NA,NA,2.09,-20.23,"Rainy-2018"
"2711","Littoral","Trichoptera","Hydropsychidae","Litoral_BL",NA,NA,2.64,-32.47,"Rainy-2018"
"2712","Littoral","Ephemeroptera","Heptageniidae","Litoral_BL",NA,NA,2.32,-22.73,"Rainy-2018"
"2713","Littoral","Ephemeroptera","Leptophlebiidae","Litoral_BL",NA,NA,0.85,-23.68,"Rainy-2018"
"2714","Littoral","Trichoptera","Hydropsychidae","Litoral_BL",NA,NA,1.5,-29.84,"Rainy-2018"
"2715","Littoral","Trichoptera","Brachycentridae","Litoral_BL",NA,NA,0.84,-26.03,"Rainy-2018"
"2716","Littoral","Ephemeroptera","Ephemerellidae","Litoral_BL",NA,NA,0.39,-23.44,"Rainy-2018"
"2717","Littoral","Trichoptera","Limnephilidae","Litoral_BL",NA,NA,0.48,-16.59,"Rainy-2018"
"2718","Littoral","Ephemeroptera","Baetidae","Litoral_BL",NA,NA,3.92,-27.67,"East Vermilion-2018"
"2719","Littoral","Ephemeroptera","Caenidae","Litoral_BL",NA,NA,2.4,-26.44,"East Vermilion-2018"
"2720","Littoral","Ephemeroptera","Heptageniidae","Litoral_BL",NA,NA,1.92,-26.42,"East Vermilion-2018"
"2721","Littoral","Amphipoda","Amphipoda","Litoral_BL",NA,NA,3.42,-25.19,"East Vermilion-2018"
"2722","Littoral","Trichoptera","Leptoceridae","Litoral_BL",NA,NA,2.17,-21.88,"East Vermilion-2018"
"2723","Littoral","Trichoptera","Hydropsychidae","Litoral_BL",NA,NA,3.46,-21.05,"West Vermilion-2018"
"2724","Littoral","Ephemeroptera","Heptageniidae","Litoral_BL",NA,NA,3.43,-20.93,"West Vermilion-2018"
"2725","Littoral","Ephemeroptera","Baetidae","Litoral_BL",NA,NA,2.76,-19.47,"West Vermilion-2018"
"2726","Littoral","Amphipoda","Amphipoda","Litoral_BL",NA,NA,2.64,-19.5,"West Vermilion-2018"
"2727","Littoral","Trichoptera","Limnephilidae","Litoral_BL",NA,NA,3.51,-24.4,"West Vermilion-2018"
"2728","Littoral","Trichoptera","Limnephilidae","Litoral_BL",NA,NA,2.96,-26.27,"West Vermilion-2018"
"2729","Littoral","Trichoptera","Brachycentridae","Litoral_BL",NA,NA,4.14,-23.89,"West Vermilion-2018"
"2730","Littoral","Ephemeroptera","Caenidae","Litoral_BL",NA,NA,2.17,-20.22,"West Vermilion-2018"
"2731","Littoral","Amphipoda","Amphipoda","Litoral_BL",NA,NA,1.95,-20.67,"West Vermilion-2018"
"2732","Littoral","Ephemeroptera","Heptageniidae","Litoral_BL",NA,NA,1.87,-20.86,"West Vermilion-2018"
"2733","Littoral","Ephemeroptera","Leptophlebiidae","Litoral_BL",NA,NA,1.73,-23.86,"West Vermilion-2018"
"2734","Littoral","Trichoptera","Philopotamidae","Litoral_BL",NA,NA,3.13,-21.02,"West Vermilion-2018"
"2735","Littoral","Amphipoda","Amphipoda","Litoral_BL",NA,NA,3.46,-31.88,"West Vermilion-2018"
"2736","Littoral","Trichoptera","Hydroptilidae","Litoral_BL",NA,NA,4.04,-32.95,"West Vermilion-2018"
"2737","Littoral","Ephemeroptera","Ephemerellidae","Litoral_BL",NA,NA,2.55,-30.21,"West Vermilion-2018"
"2738","Littoral","Ephemeroptera","Baetidae","Litoral_BL",NA,NA,1.98,-40.13,"West Vermilion-2018"
"2739","Littoral","Ephemeroptera","Heptageniidae","Litoral_BL",NA,NA,5.11,-34.84,"East Vermilion-2018"
"2740","Littoral","Ephemeroptera","Baetidae","Litoral_BL",NA,NA,5.57,-38.3,"East Vermilion-2018"
"2741","Littoral","Amphipoda","Amphipoda","Litoral_BL",NA,NA,3.58,-25.17,"East Vermilion-2018"
"2742","Littoral","Ephemeroptera","Heptageniidae","Litoral_BL",NA,NA,3.12,-26.56,"East Vermilion-2018"
"2743","Littoral","Amphipoda","Amphipoda","Litoral_BL",NA,NA,3.37,-23.66,"East Vermilion-2018"
"2744","Littoral","Ephemeroptera","Heptageniidae","Litoral_BL",NA,NA,2.89,-23.19,"East Vermilion-2018"
"2745","Littoral","Ephemeroptera","Ephemerellidae","Litoral_BL",NA,NA,2.64,-26.59,"East Vermilion-2018"
"2746","Littoral","Trichoptera","Leptoceridae","Litoral_BL",NA,NA,6.43,-21.96,"Winnie-2018"
"2747","Littoral","Amphipoda","Amphipoda","Litoral_BL",NA,NA,5.27,-21.22,"Winnie-2018"
"2748","Littoral","Amphipoda","Amphipoda","Litoral_BL",NA,NA,4.51,-19.77,"Winnie-2018"
"2749","Littoral","Trichoptera","Leptoceridae","Litoral_BL",NA,NA,6.45,-19.57,"Winnie-2018"
"2750","Littoral","Ephemeroptera","Caenidae","Litoral_BL",NA,NA,4.29,-22.93,"Winnie-2018"
"2751","Littoral","Amphipoda","Amphipoda","Litoral_BL",NA,NA,5.02,-21.22,"Winnie-2018"
"2752","Littoral","Trichoptera","Hydropsychidae","Litoral_BL",NA,NA,6.18,-22.52,"Winnie-2018"
"2753","Littoral","Ephemeroptera","Heptageniidae","Litoral_BL",NA,NA,3.5,-24.1,"Winnie-2018"
"2754","Littoral","Trichoptera","Leptoceridae","Litoral_BL",NA,NA,3.92,-20.65,"Winnie-2018"
"2755","Littoral","Trichoptera","Hydropsychidae","Litoral_BL",NA,NA,6.04,-22.74,"Winnie-2018"
"2756","Littoral","Ephemeroptera","Baetidae","Litoral_BL",NA,NA,4.32,-17.25,"Winnie-2018"
"2757","Littoral","Amphipoda","Amphipoda","Litoral_BL",NA,NA,4.29,-19.43,"Winnie-2018"
"2758","Littoral","Ephemeroptera","Caenidae","Litoral_BL",NA,NA,3.9,-21.03,"Winnie-2018"
"2759","Littoral","Ephemeroptera","Ephemerellidae","Litoral_BL",NA,NA,5.13,-27.18,"Winnie-2018"
"2760","Littoral","Trichoptera","Limnephilidae","Litoral_BL",NA,NA,7.18,-24.54,"Winnie-2018"
"2761","Littoral","Ephemeroptera","Baetidae","Litoral_BL",NA,NA,4.65,-26.5,"Winnie-2018"
"2762","Littoral","Trichoptera","Leptoceridae","Litoral_BL",NA,NA,6.21,-22.2,"Winnie-2018"
"2763","Littoral","Ephemeroptera","Baetidae","Litoral_BL",NA,NA,4.07,-23.71,"Winnie-2018"
"2764","Littoral","Trichoptera","Leptoceridae","Litoral_BL",NA,NA,4.64,-21.6,"Winnie-2018"
"2765","Littoral","Amphipoda","Amphipoda","Litoral_BL",NA,NA,4.33,-20.42,"Winnie-2018"
"2766","Littoral","Ephemeroptera","Caenidae","Litoral_BL",NA,NA,5.7,-22.79,"Winnie-2018"
"2767","Littoral","Trichoptera","Leptoceridae","Litoral_BL",NA,NA,5.49,-19.33,"Winnie-2018"
"2768","Pelagic","Zooplankton","Cladocera","Pelagic_BL",NA,NA,7.385302138,-32.99569921,"Cass-2018"
"2769","Pelagic","Zooplankton","Cladocera","Pelagic_BL",NA,NA,9.88491213,-34.01262158,"Cass-2018"
"2770","Pelagic","Zooplankton","Cladocera","Pelagic_BL",NA,NA,8.124736606,-31.00404592,"Cass-2018"
"2771","Pelagic","Zooplankton","Cladocera","Pelagic_BL",NA,NA,8.766718432,-31.61636301,"Cass-2018"
"2772","Pelagic","Deepwater Zooplankton","Cladocera","Pelagic_BL",NA,NA,8.55272449,-32.04260494,"Cass-2018"
"2773","Pelagic","Deepwater Zooplankton","Cladocera","Pelagic_BL",NA,NA,4.796276837,-29.21253161,"Cass-2018"
"2774","Pelagic","Deepwater Zooplankton","Cladocera","Pelagic_BL",NA,NA,10.68362191,-30.75089716,"Cass-2018"
"2775","Pelagic","Deepwater Zooplankton","Cladocera","Pelagic_BL",NA,NA,4.362260954,-28.99075598,"Cass-2018"
"2776","Littoral","Chironomidae","Chironomidae","Pelagic_BL",NA,NA,5.66,-31.15,"Kabetogama-2018"
"2777","Littoral","Chironomidae","Chironomidae","Pelagic_BL",NA,NA,5.34,-32.17,"Kabetogama-2018"
"2778","Littoral","Chironomidae","Chironomidae","Pelagic_BL",NA,NA,5.23,-32.59,"Kabetogama-2018"
"2779","Littoral","Chironomidae","Chironomidae","Pelagic_BL",NA,NA,6.07,-31.42,"Kabetogama-2018"
"2780","Littoral","Sphaeriidae","Sphaeriidae","Pelagic_BL",NA,NA,3.23,-28.03,"Kabetogama-2018"
"2781","Littoral","Sphaeriidae","Sphaeriidae","Pelagic_BL",NA,NA,4.33,-31.72,"Kabetogama-2018"
"2782","Littoral","Chironomidae","Chironomidae","Pelagic_BL",NA,NA,5.14,-31.05,"Kabetogama-2018"
"2783","Pelagic","Zooplankton","Cladocera","Pelagic_BL",NA,NA,4.607399555,-31.09600166,"Kabetogama-2018"
"2784","Littoral","Sphaeriidae","Sphaeriidae","Pelagic_BL",NA,NA,4.51,-28.28,"Leech-2017"
"2785","Littoral","Ephemeroptera","Hexagenia","Pelagic_BL",NA,NA,4.56,-28.38,"Leech-2017"
"2786","Littoral","Ephemeroptera","Hexagenia","Pelagic_BL",NA,NA,3.63,-25.93,"Leech-2017"
"2787","Littoral","Ephemeroptera","Hexagenia","Pelagic_BL",NA,NA,5.16,-25.76,"Leech-2017"
"2788","Littoral","Ephemeroptera","Hexagenia","Pelagic_BL",NA,NA,5.02,-25.24,"Leech-2017"
"2789","Pelagic","Zooplankton","Cladocera","Pelagic_BL",NA,NA,7.78,-32.47,"Leech-2017"
"2790","Pelagic","Zooplankton","Cladocera","Pelagic_BL",NA,NA,5.15,-31.96,"Leech-2017"
"2791","Pelagic","Zooplankton","Cladocera","Pelagic_BL",NA,NA,6.42,-25.59,"Leech-2017"
"2792","Pelagic","Zooplankton","Cladocera","Pelagic_BL",NA,NA,10.16,-32.21,"Leech-2017"
"2793","Pelagic","Zooplankton","Cladocera","Pelagic_BL",NA,NA,7.59,-26.22,"Leech-2017"
"2794","Pelagic","Deepwater Zooplankton","Cladocera","Pelagic_BL",NA,NA,4.358242289,-30.97050912,"Leech-2018"
"2795","Pelagic","Deepwater Zooplankton","Cladocera","Pelagic_BL",NA,NA,10.10493407,-32.86587933,"Leech-2018"
"2796","Pelagic","Deepwater Zooplankton","Cladocera","Pelagic_BL",NA,NA,5.552790633,-29.55547245,"Leech-2018"
"2797","Pelagic","Deepwater Zooplankton","Cladocera","Pelagic_BL",NA,NA,6.751357643,-28.56343222,"Leech-2018"
"2798","Pelagic","Deepwater Zooplankton","Cladocera","Pelagic_BL",NA,NA,7.960975983,-29.10110288,"Leech-2018"
"2799","Pelagic","Zooplankton","Cladocera","Pelagic_BL",NA,NA,7.81,-31,"Leech-2017"
"2800","Pelagic","Zooplankton","Cladocera","Pelagic_BL",NA,NA,7.09,-26.72,"Leech-2017"
"2801","Pelagic","Zooplankton","Cladocera","Pelagic_BL",NA,NA,7.22,-30.85,"Leech-2017"
"2802","Pelagic","Zooplankton","Cladocera","Pelagic_BL",NA,NA,6.46,-25.72,"Leech-2017"
"2803","Pelagic","Zooplankton","Cladocera","Pelagic_BL",NA,NA,4.05,-33.33,"Leech-2017"
"2804","Pelagic","Zooplankton","Cladocera","Pelagic_BL",NA,NA,7.61,-25.37,"Lower Red-2017"
"2805","Pelagic","Zooplankton","Cladocera","Pelagic_BL",NA,NA,6,-25.39,"Lower Red-2017"
"2806","Pelagic","Zooplankton","Cladocera","Pelagic_BL",NA,NA,6.04,-26.96,"Lower Red-2017"
"2807","Littoral","Ephemeroptera","Hexagenia","Pelagic_BL",NA,NA,4.85,-31.37,"Lake of the Woods-2018"
"2808","Littoral","Ephemeroptera","Hexagenia","Pelagic_BL",NA,NA,5.1,-31.34,"Lake of the Woods-2018"
"2809","Littoral","Ephemeroptera","Hexagenia","Pelagic_BL",NA,NA,5.37,-29.11,"Lake of the Woods-2018"
"2810","Littoral","Ephemeroptera","Hexagenia","Pelagic_BL",NA,NA,5.48,-28.99,"Lake of the Woods-2018"
"2811","Littoral","Sphaeriidae","Sphaeriidae","Pelagic_BL",NA,NA,4.42,-30.16,"Lake of the Woods-2018"
"2812","Littoral","Ephemeroptera","Hexagenia","Pelagic_BL",NA,NA,5.9,-27.92,"Lake of the Woods-2018"
"2813","Littoral","Ephemeroptera","Hexagenia","Pelagic_BL",NA,NA,5.74,-27.95,"Lake of the Woods-2018"
"2814","Littoral","Ephemeroptera","Hexagenia","Pelagic_BL",NA,NA,5.55,-28.43,"Lake of the Woods-2018"
"2815","Littoral","Sphaeriidae","Sphaeriidae","Pelagic_BL",NA,NA,4.36,-29.94,"Lake of the Woods-2018"
"2816","Pelagic","Zooplankton","Cladocera","Pelagic_BL",NA,NA,4.25476165,-29.95683224,"Lake of the Woods-2018"
"2817","Pelagic","Zooplankton","Cladocera","Pelagic_BL",NA,NA,4.423545604,-29.10543021,"Lake of the Woods-2018"
"2818","Pelagic","Zooplankton","Cladocera","Pelagic_BL",NA,NA,5.204171394,-28.47688563,"Lake of the Woods-2018"
"2819","Pelagic","Zooplankton","Cladocera","Pelagic_BL",NA,NA,3.11747929,-28.81766281,"Lake of the Woods-2018"
"2820","Pelagic","Zooplankton","Cladocera","Pelagic_BL",NA,NA,9.17,-26.05,"Mille Lacs-2017"
"2821","Pelagic","Zooplankton","Cladocera","Pelagic_BL",NA,NA,9.16,-26.16,"Mille Lacs-2017"
"2822","Pelagic","Zooplankton","Cladocera","Pelagic_BL",NA,NA,9.84,-27.07,"Mille Lacs-2017"
"2823","Pelagic","Zooplankton","Cladocera","Pelagic_BL",NA,NA,9.8,-26.28,"Mille Lacs-2017"
"2824","Pelagic","Zooplankton","Cladocera","Pelagic_BL",NA,NA,8.56,-26.25,"Mille Lacs-2017"
"2825","Pelagic","Zooplankton","Cladocera","Pelagic_BL",NA,NA,9.59,-25.68,"Mille Lacs-2017"
"2826","Littoral","Ephemeroptera","Hexagenia","Pelagic_BL",NA,NA,4.14,-28.85,"Mille Lacs-2017"
"2827","Littoral","Ephemeroptera","Hexagenia","Pelagic_BL",NA,NA,7.41,-26.71,"Mille Lacs-2017"
"2828","Littoral","Ephemeroptera","Hexagenia","Pelagic_BL",NA,NA,6.76,-26.52,"Mille Lacs-2017"
"2829","Littoral","Ephemeroptera","Hexagenia","Pelagic_BL",NA,NA,5.81,-22.06,"Mille Lacs-2017"
"2830","Littoral","Ephemeroptera","Hexagenia","Pelagic_BL",NA,NA,6.64,-25.48,"Mille Lacs-2017"
"2831","Littoral","Sphaeriidae","Sphaeriidae","Pelagic_BL",NA,NA,6.16,-26.04,"Mille Lacs-2017"
"2832","Littoral","Ephemeroptera","Hexagenia","Pelagic_BL",NA,NA,5.48,-30.27,"Rainy-2018"
"2833","Littoral","Ephemeroptera","Hexagenia","Pelagic_BL",NA,NA,6.14,-28.28,"Rainy-2018"
"2834","Littoral","Sphaeriidae","Sphaeriidae","Pelagic_BL",NA,NA,3.11,-30.37,"Rainy-2018"
"2835","Littoral","Ephemeroptera","Hexagenia","Pelagic_BL",NA,NA,6.08,-29.7,"Rainy-2018"
"2836","Littoral","Ephemeroptera","Hexagenia","Pelagic_BL",NA,NA,6.5,-27.81,"Rainy-2018"
"2837","Littoral","Ephemeroptera","Hexagenia","Pelagic_BL",NA,NA,4.39,-29.38,"Rainy-2018"
"2838","Littoral","Sphaeriidae","Sphaeriidae","Pelagic_BL",NA,NA,2.61,-31.71,"Rainy-2018"
"2839","Pelagic","Zooplankton","Cladocera","Pelagic_BL",NA,NA,2.482593009,-29.06716298,"Rainy-2018"
"2840","Pelagic","Zooplankton","Cladocera","Pelagic_BL",NA,NA,5.024872134,-33.89352105,"Rainy-2018"
"2841","Pelagic","Zooplankton","Cladocera","Pelagic_BL",NA,NA,1.852749082,-29.18653146,"Rainy-2018"
"2842","Pelagic","Zooplankton","Cladocera","Pelagic_BL",NA,NA,2.326433358,-28.55850269,"Rainy-2018"
"2843","Pelagic","Zooplankton","Cladocera","Pelagic_BL",NA,NA,3.801621531,-29.52743064,"Rainy-2018"
"2844","Pelagic","Zooplankton","Cladocera","Pelagic_BL",NA,NA,2.872992137,-28.4402096,"Rainy-2018"
"2845","Pelagic","Zooplankton","Cladocera","Pelagic_BL",NA,NA,3.489302228,-30.56733444,"Rainy-2018"
"2846","Pelagic","Zooplankton","Cladocera","Pelagic_BL",NA,NA,3.698556161,-30.14578088,"Rainy-2018"
"2847","Pelagic","Deepwater Zooplankton","Cladocera","Pelagic_BL",NA,NA,3.062465848,-28.80691818,"Rainy-2018"
"2848","Pelagic","Zooplankton","Cladocera","Pelagic_BL",NA,NA,1.51,-26.46,"Upper Red-2017"
"2849","Pelagic","Zooplankton","Cladocera","Pelagic_BL",NA,NA,3.28,-26.29,"Upper Red-2017"
"2850","Pelagic","Zooplankton","Cladocera","Pelagic_BL",NA,NA,4,-25.76,"Upper Red-2017"
"2851","Littoral","Sphaeriidae","Sphaeriidae","Pelagic_BL",NA,NA,4.82,-31.72,"West Vermilion-2018"
"2852","Littoral","Sphaeriidae","Sphaeriidae","Pelagic_BL",NA,NA,4.76,-33.7,"East Vermilion-2018"
"2853","Littoral","Ephemeroptera","Hexagenia","Pelagic_BL",NA,NA,5.38,-31.08,"East Vermilion-2018"
"2854","Littoral","Sphaeriidae","Sphaeriidae","Pelagic_BL",NA,NA,4.81,-32.92,"East Vermilion-2018"
"2855","Littoral","Sphaeriidae","Sphaeriidae","Pelagic_BL",NA,NA,5.5,-32.31,"West Vermilion-2018"
"2856","Littoral","Sphaeriidae","Sphaeriidae","Pelagic_BL",NA,NA,5.66,-30.22,"East Vermilion-2018"
"2857","Pelagic","Zooplankton","Cladocera","Pelagic_BL",NA,NA,5.15494274,-31.93009438,"East Vermilion-2018"
"2858","Pelagic","Zooplankton","Cladocera","Pelagic_BL",NA,NA,4.514970246,-31.61203568,"West Vermilion-2018"
"2859","Pelagic","Zooplankton","Cladocera","Pelagic_BL",NA,NA,4.739010853,-31.71589158,"East Vermilion-2018"
"2860","Pelagic","Zooplankton","Cladocera","Pelagic_BL",NA,NA,3.474135861,-30.58213131,"West Vermilion-2018"
"2861","Pelagic","Zooplankton","Cladocera","Pelagic_BL",NA,NA,6.535354368,-31.06138303,"East Vermilion-2018"
"2862","Littoral","Sphaeriidae","Sphaeriidae","Pelagic_BL",NA,NA,8.23,-25.58,"Winnie-2018"
"2863","Littoral","Sphaeriidae","Sphaeriidae","Pelagic_BL",NA,NA,7.21,-28.21,"Winnie-2018"
"2864","Pelagic","Zooplankton","Cladocera","Pelagic_BL",NA,NA,7.642107892,-28.70475597,"Winnie-2018"
"2865","Pelagic","Zooplankton","Cladocera","Pelagic_BL",NA,NA,5.600580716,-29.53065681,"Winnie-2018"
"2866","Pelagic","Zooplankton","Cladocera","Pelagic_BL",NA,NA,7.953386131,-28.44343578,"Winnie-2018"
"2867","Pelagic","Zooplankton","Cladocera","Pelagic_BL",NA,NA,5.956624721,-29.29299524,"Winnie-2018"
"2868","Pelagic","Zooplankton","Cladocera","Pelagic_BL",NA,NA,5.387162525,-28.85316002,"Winnie-2018"
"2869","Pelagic","Zooplankton","Cladocera","Pelagic_BL",NA,NA,7.073686761,-28.83380297,"Winnie-2018"
"3583","Littoral","Gastropoda","pulmonata","Littoral_BL",NA,NA,3.32,-16.47,"Alexander-2021"
"3584","Littoral","Ephemeroptera","caenidae","Littoral_BL",NA,NA,3.49,-19.13,"Alexander-2021"
"3585","Littoral","Gastropoda","prosobranchia","Littoral_BL",NA,NA,1.81,-16.22,"Alexander-2021"
"3586","Littoral","Gastropoda","pulmonata","Littoral_BL",NA,NA,3.16,-13.75,"Alexander-2021"
"3587","Littoral","Ephemeroptera","heptageniidae","Littoral_BL",NA,NA,2.42,-17.62,"Alexander-2021"
"3588","Littoral","Ephemeroptera","heptageniidae","Littoral_BL",NA,NA,2.97,-18.23,"Alexander-2021"
"3589","Littoral","Ephemeroptera","baetidae","Littoral_BL",NA,NA,2.91,-16.15,"Alexander-2021"
"3590","Littoral","Gastropoda","pulmonata","Littoral_BL",NA,NA,4.07,-17.17,"Alexander-2021"
"3591","Littoral","Gastropoda","prosobranchia","Littoral_BL",NA,NA,3.21,-13.96,"Alexander-2021"
"3592","Littoral","Ephemeroptera","heptageniidae","Littoral_BL",NA,NA,2.88,-18.16,"Alexander-2021"
"3593","Littoral","Gastropoda","pulmonata","Littoral_BL",NA,NA,3.03,-16.82,"Alexander-2021"
"3594","Pelagic","Zooplankton","Zooplankton","Pelagic_BL",NA,NA,3.02,-25.88,"Alexander-2021"
"3595","Pelagic","Zooplankton","Zooplankton","Pelagic_BL",NA,NA,3.15,-25.45,"Alexander-2021"
"3596","Pelagic","Zooplankton","Zooplankton","Pelagic_BL",NA,NA,5.16,-26.12,"Alexander-2021"
"3597","Pelagic","Zooplankton","Zooplankton","Pelagic_BL",NA,NA,5.06,-25.71,"Alexander-2021"
"3598","Littoral","Bivalvia","dreisseniidae","Pelagic_BL",NA,NA,4.42,-21.83,"Alexander-2021"
"3599","Littoral","Bivalvia","dreisseniidae","Pelagic_BL",NA,NA,4.15,-25.44,"Alexander-2021"
"3600","Littoral","Bivalvia","dreisseniidae","Pelagic_BL",NA,NA,5.01,-25.35,"Alexander-2021"
"3601","Littoral","Bivalvia","dreisseniidae","Pelagic_BL",NA,NA,4.11,-25.63,"Alexander-2021"
"3755","Littoral","Amphipoda","Amphipoda","Littoral_BL",NA,NA,7.633249678,-21.05485942,"Belle-2020"
"3756","Littoral","Amphipoda","Amphipoda","Littoral_BL",NA,NA,7.425157648,-20.43945036,"Belle-2020"
"3757","Littoral","Amphipoda","Amphipoda","Littoral_BL",NA,NA,7.271329516,-20.27327777,"Belle-2020"
"3758","Littoral","Amphipoda","Amphipoda","Littoral_BL",NA,NA,7.592109042,-20.79380599,"Belle-2020"
"3759","Littoral","Amphipoda","Amphipoda","Littoral_BL",NA,NA,6.916997729,-21.42341111,"Belle-2020"
"3760","Littoral","Amphipoda","Amphipoda","Littoral_BL",NA,NA,7.245426716,-21.1863151,"Belle-2020"
"3761","Littoral","Amphipoda","Amphipoda","Littoral_BL",NA,NA,7.55244097,-20.98012879,"Belle-2020"
"3762","Littoral","Amphipoda","Amphipoda","Littoral_BL",NA,NA,7.70388496,-20.17057549,"Belle-2020"
"3763","Littoral","Ephemeroptera","Caenidae","Littoral_BL",NA,NA,7.039585039,-21.41852338,"Belle-2020"
"3764","Littoral","Amphipoda","Amphipoda","Littoral_BL",NA,NA,8.072112205,-21.03949637,"Belle-2020"
"3765","Littoral","Amphipoda","Amphipoda","Littoral_BL",NA,NA,8.008080111,-21.57975469,"Belle-2020"
"3766","Littoral","Amphipoda","Amphipoda","Littoral_BL",NA,NA,7.910570162,-21.97720367,"Belle-2020"
"3767","Littoral","Amphipoda","Amphipoda","Littoral_BL",NA,NA,8.230797621,-20.51564412,"Belle-2020"
"3768","Littoral","Amphipoda","Amphipoda","Littoral_BL",NA,NA,8.168692945,-21.1072407,"Belle-2020"
"3769","Littoral","Amphipoda","Amphipoda","Littoral_BL",NA,NA,8.302316825,-20.98401348,"Belle-2020"
"3770","Littoral","Amphipoda","Amphipoda","Littoral_BL",NA,NA,7.943798245,-21.28720858,"Belle-2020"
"3771","Littoral","Ephemeroptera","Caenidae","Littoral_BL",NA,NA,7.4014133,-22.76231968,"Belle-2020"
"3772","Littoral","Amphipoda","Amphipoda","Littoral_BL",NA,NA,7.918373966,-15.73781148,"Belle-2020"
"3773","Littoral","Amphipoda","Amphipoda","Littoral_BL",NA,NA,7.761053616,-17.58447062,"Belle-2020"
"3774","Littoral","Amphipoda","Amphipoda","Littoral_BL",NA,NA,7.598360805,-17.38282706,"Belle-2020"
"3775","Littoral","Amphipoda","Amphipoda","Littoral_BL",NA,NA,7.800555351,-16.46965607,"Belle-2020"
"3776","Littoral","Amphipoda","Amphipoda","Littoral_BL",NA,NA,7.873462439,-16.83942234,"Belle-2020"
"3777","Littoral","Amphipoda","Amphipoda","Littoral_BL",NA,NA,7.852416589,-16.13620965,"Belle-2020"
"3778","Littoral","Amphipoda","Amphipoda","Littoral_BL",NA,NA,7.967127945,-16.00145072,"Belle-2020"
"3779","Littoral","Ephemeroptera","Caenidae","Littoral_BL",NA,NA,6.7740609,-21.78492006,"Belle-2020"
"3780","Littoral","Ephemeroptera","Caenidae","Littoral_BL",NA,NA,7.259264392,-19.29743585,"Belle-2020"
"3781","Littoral","Ephemeroptera","Caenidae","Littoral_BL",NA,NA,6.856781318,-22.14138059,"Belle-2020"
"3782","Littoral","Ephemeroptera","Caenidae","Littoral_BL",NA,NA,7.050928725,-20.84702539,"Belle-2020"
"3783","Littoral","Ephemeroptera","Caenidae","Littoral_BL",NA,NA,7.113431771,-19.98182818,"Belle-2020"
"3784","Littoral","Ephemeroptera","Ephemeridae","Littoral_BL",NA,NA,8.390042872,-22.79555421,"Belle-2020"
"3785","Littoral","Amphipoda","Amphipoda","Littoral_BL",NA,NA,8.176054197,-21.77674137,"Belle-2020"
"3786","Littoral","Unionidae","Lampsilis","Pelagic_BL",NA,NA,10.3686484,-24.43435365,"Belle-2020"
"3787","Littoral","Unionidae","Lampsilis","Pelagic_BL",NA,NA,9.97156715,-23.8776482,"Belle-2020"
"3788","Littoral","Unionidae","Lampsilis","Pelagic_BL",NA,NA,9.23367743,-23.41850625,"Belle-2020"
"3789","Pelagic","Copepods & cladocerans",NA,"Pelagic_BL",NA,NA,11.50089361,-23.67300169,"Belle-2020"
"3790","Pelagic","Copepods & cladocerans",NA,"Pelagic_BL",NA,NA,11.78641301,-23.86245341,"Belle-2020"
"3791","Pelagic","Copepods & cladocerans",NA,"Pelagic_BL",NA,NA,11.97156344,-23.6741632,"Belle-2020"
"3953","Littoral","Amphipoda","amphipoda","Littoral_BL",NA,NA,8.63,-27.7,"Bemidji-2022"
"3954","Littoral","Amphipoda","amphipoda","Littoral_BL",NA,NA,8.35,-25.66,"Bemidji-2022"
"3955","Littoral","Amphipoda","amphipoda","Littoral_BL",NA,NA,6.54,-26.18,"Bemidji-2022"
"3956","Littoral","Amphipoda","amphipoda","Littoral_BL",NA,NA,5.65,-25.67,"Bemidji-2022"
"3957","Littoral","Ephemeroptera","caenidae","Littoral_BL",NA,NA,9.07,-27.41,"Bemidji-2022"
"3958","Littoral","Amphipoda","amphipoda","Littoral_BL",NA,NA,7.44,-26.08,"Bemidji-2022"
"3959","Pelagic","Zooplankton",NA,"Pelagic_BL",NA,NA,13,-31.92,"Bemidji-2022"
"3960","Pelagic","Zooplankton",NA,"Pelagic_BL",NA,NA,12.69,-33.02,"Bemidji-2022"
"3961","Pelagic","Zooplankton",NA,"Pelagic_BL",NA,NA,12.62,-32.63,"Bemidji-2022"
"3962","Pelagic","Zooplankton",NA,"Pelagic_BL",NA,NA,12.61,-32.12,"Bemidji-2022"
"3963","Pelagic","Zooplankton",NA,"Pelagic_BL",NA,NA,12.79,-32.19,"Bemidji-2022"
"3964","Pelagic","Zooplankton",NA,"Pelagic_BL",NA,NA,12.05,-33.97,"Bemidji-2022"
"3965","Pelagic","Zooplankton",NA,"Pelagic_BL",NA,NA,10.79,-33.82,"Bemidji-2022"
"3966","Pelagic","Zooplankton",NA,"Pelagic_BL",NA,NA,11.99,-34.6,"Bemidji-2022"
"3967","Pelagic","Zooplankton",NA,"Pelagic_BL",NA,NA,11.09,-34.59,"Bemidji-2022"
"3968","Pelagic","Zooplankton",NA,"Pelagic_BL",NA,NA,10.37,-34.22,"Bemidji-2022"
"4101","Littoral","Ephemeroptera","Baetidae","Littoral_BL",NA,NA,2.293994534,-22.140578,"Big Cormorant-2019"
"4102","Littoral","Amphipoda","Amphipoda","Littoral_BL",NA,NA,2.622498298,-19.8509445,"Big Cormorant-2019"
"4103","Littoral","Ephemeroptera","Heptageniidae","Littoral_BL",NA,NA,1.066602103,-21.01368109,"Big Cormorant-2019"
"4104","Littoral","Ephemeroptera","Ephemeridae","Littoral_BL",NA,NA,1.37293542,-19.90890956,"Big Cormorant-2019"
"4105","Littoral","Amphipoda","Amphipoda","Littoral_BL",NA,NA,2.045542978,-17.90013091,"Big Cormorant-2019"
"4106","Littoral","Amphipoda","Amphipoda","Littoral_BL",NA,NA,2.235776221,-18.59216104,"Big Cormorant-2019"
"4107","Littoral","Ephemeroptera","Heptageniidae","Littoral_BL",NA,NA,2.054144093,-20.41794581,"Big Cormorant-2019"
"4108","Littoral","Dreissena","polymorpha","Pelagic_BL",NA,NA,3.985575695,-25.04227944,"Big Cormorant-2019"
"4109","Pelagic","Copepods & cladocerans",NA,"Pelagic_BL",NA,NA,5.772185017,-26.95462947,"Big Cormorant-2019"
"4110","Pelagic","Copepods & cladocerans",NA,"Pelagic_BL",NA,NA,4.887100014,-26.38041311,"Big Cormorant-2019"
"4111","Pelagic","Copepods & cladocerans",NA,"Pelagic_BL",NA,NA,4.071802028,-24.85313149,"Big Cormorant-2019"
"4112","Pelagic","Copepods & cladocerans",NA,"Pelagic_BL",NA,NA,5.379730145,-26.38274187,"Big Cormorant-2019"
"4113","Pelagic","Copepods & cladocerans",NA,"Pelagic_BL",NA,NA,5.698778234,-24.33686483,"Big Cormorant-2019"
"4114","Pelagic","Copepods & cladocerans",NA,"Pelagic_BL",NA,NA,6.329128307,-25.17210263,"Big Cormorant-2019"
"4115","Pelagic","Copepods & cladocerans",NA,"Pelagic_BL",NA,NA,5.36608844,-24.58982822,"Big Cormorant-2019"
"4116","Pelagic","Copepods & cladocerans",NA,"Pelagic_BL",NA,NA,4.728813125,-25.96667778,"Big Cormorant-2019"
"4117","Pelagic","Copepods & cladocerans",NA,"Pelagic_BL",NA,NA,5.658229244,-25.63205758,"Big Cormorant-2019"
"4225","Littoral","Amphipoda","Amphipoda","Littoral_BL",NA,NA,3.406032927,-22.88726846,"Big Sand-2020"
"4226","Littoral","Amphipoda","Amphipoda","Littoral_BL",NA,NA,3.301484577,-22.47763892,"Big Sand-2020"
"4227","Littoral","Ephemeroptera","Ephemeridae","Littoral_BL",NA,NA,3.939098083,-24.02732012,"Big Sand-2020"
"4228","Littoral","Ephemeroptera","Ephemeridae","Littoral_BL",NA,NA,4.113606886,-24.25136992,"Big Sand-2020"
"4229","Littoral","Ephemeroptera","Ephemeridae","Littoral_BL",NA,NA,3.941032433,-23.77920994,"Big Sand-2020"
"4230","Littoral","Ephemeroptera","Heptageniidae","Littoral_BL",NA,NA,2.647488962,-24.31865044,"Big Sand-2020"
"4231","Littoral","Ephemeroptera","Baetidae","Littoral_BL",NA,NA,4.012529413,-24.85229065,"Big Sand-2020"
"4232","Littoral","Ephemeroptera","Leptophlebiidae","Littoral_BL",NA,NA,3.502935383,-25.68746018,"Big Sand-2020"
"4233","Littoral","Amphipoda","Amphipoda","Littoral_BL",NA,NA,2.763831269,-22.11706824,"Big Sand-2020"
"4234","Littoral","Amphipoda","Amphipoda","Littoral_BL",NA,NA,3.364804331,-23.18275139,"Big Sand-2020"
"4235","Littoral","Amphipoda","Amphipoda","Littoral_BL",NA,NA,2.888529645,-23.43619691,"Big Sand-2020"
"4236","Littoral","Amphipoda","Amphipoda","Littoral_BL",NA,NA,3.149406124,-22.61032073,"Big Sand-2020"
"4237","Littoral","Amphipoda","Amphipoda","Littoral_BL",NA,NA,2.770844466,-22.2874874,"Big Sand-2020"
"4238","Littoral","Ephemeroptera","Heptageniidae","Littoral_BL",NA,NA,5.013500432,-25.91722823,"Big Sand-2020"
"4239","Littoral","Ephemeroptera","Leptophlebiidae","Littoral_BL",NA,NA,2.437102588,-25.46277292,"Big Sand-2020"
"4240","Littoral","Ephemeroptera","Leptophlebiidae","Littoral_BL",NA,NA,2.32856203,-25.7225636,"Big Sand-2020"
"4241","Littoral","Ephemeroptera","Leptophlebiidae","Littoral_BL",NA,NA,2.454455215,-25.38381011,"Big Sand-2020"
"4242","Littoral","Ephemeroptera","Leptophlebiidae","Littoral_BL",NA,NA,2.217347925,-23.52437366,"Big Sand-2020"
"4243","Littoral","Ephemeroptera","Leptophlebiidae","Littoral_BL",NA,NA,3.099288281,-26.1723663,"Big Sand-2020"
"4244","Littoral","Amphipoda","Amphipoda","Littoral_BL",NA,NA,2.8521624,-22.64527601,"Big Sand-2020"
"4245","Littoral","Amphipoda","Amphipoda","Littoral_BL",NA,NA,2.517406484,-23.12158273,"Big Sand-2020"
"4246","Littoral","Amphipoda","Amphipoda","Littoral_BL",NA,NA,2.473877798,-23.28148716,"Big Sand-2020"
"4247","Littoral","Ephemeroptera","Heptageniidae","Littoral_BL",NA,NA,3.241136673,-28.47330198,"Big Sand-2020"
"4248","Littoral","Ephemeroptera","Heptageniidae","Littoral_BL",NA,NA,2.891889069,-27.08849621,"Big Sand-2020"
"4249","Littoral","Ephemeroptera","Heptageniidae","Littoral_BL",NA,NA,3.609463947,-26.79975702,"Big Sand-2020"
"4250","Littoral","Ephemeroptera","Ephemeridae","Littoral_BL",NA,NA,2.977172267,-25.93676061,"Big Sand-2020"
"4251","Littoral","Ephemeroptera","Ephemeridae","Littoral_BL",NA,NA,4.611229568,-26.6384569,"Big Sand-2020"
"4252","Littoral","Ephemeroptera","Ephemeridae","Littoral_BL",NA,NA,4.569795751,-26.98490194,"Big Sand-2020"
"4253","Littoral","Ephemeroptera","Ephemeridae","Littoral_BL",NA,NA,5.249419334,-27.03501487,"Big Sand-2020"
"4254","Littoral","Ephemeroptera","Heptageniidae","Littoral_BL",NA,NA,3.449752556,-23.58693307,"Big Sand-2020"
"4255","Littoral","Ephemeroptera","Heptageniidae","Littoral_BL",NA,NA,4.068361731,-24.37767344,"Big Sand-2020"
"4256","Littoral","Ephemeroptera","Heptageniidae","Littoral_BL",NA,NA,3.524020551,-23.51327455,"Big Sand-2020"
"4257","Pelagic","Copepods & cladocerans",NA,"Pelagic_BL",NA,NA,9.411029595,-29.18700738,"Big Sand-2020"
"4258","Pelagic","Copepods & cladocerans",NA,"Pelagic_BL",NA,NA,10.02315185,-29.12981024,"Big Sand-2020"
"4259","Pelagic","Copepods & cladocerans",NA,"Pelagic_BL",NA,NA,9.856920242,-29.13537792,"Big Sand-2020"
"4260","Pelagic","Copepods & cladocerans",NA,"Pelagic_BL",NA,NA,8.513458969,-29.11433189,"Big Sand-2020"
"4261","Pelagic","Copepods & cladocerans",NA,"Pelagic_BL",NA,NA,8.131405787,-28.66595094,"Big Sand-2020"
"4262","Pelagic","Copepods & cladocerans",NA,"Pelagic_BL",NA,NA,7.843058415,-28.70357383,"Big Sand-2020"
"4263","Pelagic","Copepods & cladocerans",NA,"Pelagic_BL",NA,NA,11.02020437,-30.29505738,"Big Sand-2020"
"4264","Pelagic","Copepods & cladocerans",NA,"Pelagic_BL",NA,NA,9.414736163,-29.61836229,"Big Sand-2020"
"4397","Littoral","Ephemeroptera","heptageniidae","Littoral_BL",NA,NA,4.54,-22.94,"Big Sandy-2021"
"4398","Littoral","Amphipoda",NA,"Littoral_BL",NA,NA,4.71,-24.54,"Big Sandy-2021"
"4399","Littoral","Amphipoda",NA,"Littoral_BL",NA,NA,6.4,-27.72,"Big Sandy-2021"
"4400","Littoral","Amphipoda",NA,"Littoral_BL",NA,NA,4.94,-27.12,"Big Sandy-2021"
"4401","Littoral","Ephemeroptera","heptageniidae","Littoral_BL",NA,NA,5.63,-22.3,"Big Sandy-2021"
"4402","Littoral","Gastropoda","prosobranchia","Littoral_BL",NA,NA,5.48,-27.85,"Big Sandy-2021"
"4403","Littoral","Gastropoda","physidae","Littoral_BL",NA,NA,6.17,-26.71,"Big Sandy-2021"
"4404","Littoral","Gastropoda","pulmonata","Littoral_BL",NA,NA,5.29,-24.55,"Big Sandy-2021"
"4405","Littoral","Ephemeroptera","heptageniidae","Littoral_BL",NA,NA,4.54,-22.94,"Big Sandy-2021"
"4406","Littoral","Gastropoda","planeridae","Littoral_BL",NA,NA,6.02,-25.33,"Big Sandy-2021"
"4407","Littoral","Gastropoda","physidae","Littoral_BL",NA,NA,7.16,-27.89,"Big Sandy-2021"
"4408","Littoral","Gastropoda","viviparidae","Littoral_BL",NA,NA,4.69,-28.3,"Big Sandy-2021"
"4409","Littoral","Gastropoda","viviparidae","Littoral_BL",NA,NA,5.31,-29.07,"Big Sandy-2021"
"4410","Littoral","Gastropoda","pleuroceridae","Littoral_BL",NA,NA,4.88,-26.06,"Big Sandy-2021"
"4411","Littoral","Gastropoda","bithyniidae","Littoral_BL",NA,NA,5.03,-30.68,"Big Sandy-2021"
"4412","Littoral","Gastropoda","bithyniidae","Littoral_BL",NA,NA,3.98,-28.07,"Big Sandy-2021"
"4413","Littoral","Ephemeroptera","heptageniidae","Littoral_BL",NA,NA,5.63,-22.3,"Big Sandy-2021"
"4414","Pelagic","Zooplankton","Zooplankton","Pelagic_BL",NA,NA,7.51,-30.85,"Big Sandy-2021"
"4415","Pelagic","Zooplankton","Zooplankton","Pelagic_BL",NA,NA,9.42,-34.84,"Big Sandy-2021"
"4416","Pelagic","Zooplankton","Zooplankton","Pelagic_BL",NA,NA,9.1,-33.64,"Big Sandy-2021"
"4579","Littoral","Ephemeroptera","baetidae","Littoral_BL",NA,NA,8.1,-27,"Buffalo-2021"
"4580","Littoral","Amphipoda","amphipoda","Littoral_BL",NA,NA,8.71,-24.41,"Buffalo-2021"
"4581","Littoral","Ephemeroptera","caenidae","Littoral_BL",NA,NA,8.42,-25.5,"Buffalo-2021"
"4582","Littoral","Amphipoda","amphipoda","Littoral_BL",NA,NA,7.49,-17.59,"Buffalo-2021"
"4583","Littoral","Ephemeroptera","baetidae","Littoral_BL",NA,NA,6.18,-18.61,"Buffalo-2021"
"4584","Littoral","Ephemeroptera","caenidae","Littoral_BL",NA,NA,7.04,-19.08,"Buffalo-2021"
"4585","Littoral","Amphipoda","amphipoda","Littoral_BL",NA,NA,8.14,-20.91,"Buffalo-2021"
"4586","Littoral","Ephemeroptera","baetidae","Littoral_BL",NA,NA,6.61,-22.02,"Buffalo-2021"
"4587","Littoral","Ephemeroptera","caenidae","Littoral_BL",NA,NA,7.06,-22.46,"Buffalo-2021"
"4588","Littoral","Amphipoda","amphipoda","Littoral_BL",NA,NA,7.26,-21.43,"Buffalo-2021"
"4589","Littoral","Ephemeroptera","caenidae","Littoral_BL",NA,NA,7.24,-22.94,"Buffalo-2021"
"4590","Littoral","Gastropoda","physidae","Littoral_BL",NA,NA,9,-22.88,"Buffalo-2021"
"4591","Littoral","Ephemeroptera","baetidae","Littoral_BL",NA,NA,8.1,-27,"Buffalo-2021"
"4592","Littoral","Amphipoda","amphipoda","Littoral_BL",NA,NA,8.71,-24.41,"Buffalo-2021"
"4593","Littoral","Ephemeroptera","caenidae","Littoral_BL",NA,NA,8.42,-25.5,"Buffalo-2021"
"4594","Littoral","Gastropoda","physidae","Littoral_BL",NA,NA,7.08,-16.37,"Buffalo-2021"
"4595","Littoral","Amphipoda","amphipoda","Littoral_BL",NA,NA,7.49,-17.59,"Buffalo-2021"
"4596","Littoral","Ephemeroptera","baetidae","Littoral_BL",NA,NA,6.18,-18.61,"Buffalo-2021"
"4597","Littoral","Ephemeroptera","caenidae","Littoral_BL",NA,NA,7.04,-19.08,"Buffalo-2021"
"4598","Littoral","Amphipoda","amphipoda","Littoral_BL",NA,NA,8.14,-20.91,"Buffalo-2021"
"4599","Littoral","Gastropoda","physidae","Littoral_BL",NA,NA,8.45,-21.4,"Buffalo-2021"
"4600","Littoral","Gastropoda","planorbidae","Littoral_BL",NA,NA,7.61,-20.07,"Buffalo-2021"
"4601","Littoral","Ephemeroptera","baetidae","Littoral_BL",NA,NA,6.61,-22.02,"Buffalo-2021"
"4602","Littoral","Ephemeroptera","caenidae","Littoral_BL",NA,NA,7.06,-22.46,"Buffalo-2021"
"4603","Littoral","Amphipoda","amphipoda","Littoral_BL",NA,NA,7.26,-21.43,"Buffalo-2021"
"4604","Littoral","Ephemeroptera","caenidae","Littoral_BL",NA,NA,7.24,-22.94,"Buffalo-2021"
"4605","Littoral","Gastropoda","physidae","Littoral_BL",NA,NA,8.39,-20.02,"Buffalo-2021"
"4606","Pelagic","Zooplankton","Zooplankton","Pelagic_BL",NA,NA,11.83,-26.4,"Buffalo-2021"
"4607","Pelagic","Zooplankton","Zooplankton","Pelagic_BL",NA,NA,11.24,-26.78,"Buffalo-2021"
"4608","Pelagic","Zooplankton","Zooplankton","Pelagic_BL",NA,NA,11.7,-26.58,"Buffalo-2021"
"4609","Pelagic","Zooplankton","Zooplankton","Pelagic_BL",NA,NA,10.83,-26.98,"Buffalo-2021"
"4610","Pelagic","Zooplankton","Zooplankton","Pelagic_BL",NA,NA,11.74,-26.53,"Buffalo-2021"
"4767","Littoral","Amphipoda","amphipoda","Littoral_BL",NA,NA,7.32,-22.52,"Chippewa-2021"
"4768","Littoral","Ephemeroptera","heptageniidae","Littoral_BL",NA,NA,6.93,-23.79,"Chippewa-2021"
"4769","Littoral","Amphipoda","amphipoda","Littoral_BL",NA,NA,7.27,-23.36,"Chippewa-2021"
"4770","Littoral","Ephemeroptera","baetidae","Littoral_BL",NA,NA,5.83,-27.37,"Chippewa-2021"
"4771","Littoral","Ephemeroptera","caenidae","Littoral_BL",NA,NA,6.12,-28.59,"Chippewa-2021"
"4772","Littoral","Amphipoda","amphipoda","Littoral_BL",NA,NA,6.66,-29.35,"Chippewa-2021"
"4773","Littoral","Amphipoda","amphipoda","Littoral_BL",NA,NA,6.31,-23.01,"Chippewa-2021"
"4774","Littoral","Ephemeroptera","heptageniidae","Littoral_BL",NA,NA,4.76,-23.93,"Chippewa-2021"
"4775","Littoral","Ephemeroptera","heptageniidae","Littoral_BL",NA,NA,8.57,-28.49,"Chippewa-2021"
"4776","Littoral","Amphipoda","amphipoda","Littoral_BL",NA,NA,8.25,-28.09,"Chippewa-2021"
"4777","Littoral","Bivalvia","dreisseniidae","Pelagic_BL",NA,NA,8.06,-29.1,"Chippewa-2021"
"4778","Littoral","Bivalvia","dreisseniidae","Pelagic_BL",NA,NA,7.5,-25.42,"Chippewa-2021"
"4779","Littoral","Bivalvia","dreisseniidae","Pelagic_BL",NA,NA,7.85,-28.45,"Chippewa-2021"
"4780","Littoral","Bivalvia","dreisseniidae","Pelagic_BL",NA,NA,8.52,-28.55,"Chippewa-2021"
"4781","Littoral","Bivalvia","dreisseniidae","Pelagic_BL",NA,NA,9.09,-30.09,"Chippewa-2021"
"4928","Littoral","Ephemeroptera","Caenidae","Littoral_BL",NA,NA,6.21159633,-29.7673641,"Clearwater-2019"
"4929","Littoral","Amphipoda","Amphipoda","Littoral_BL",NA,NA,9.787430206,-21.24479586,"Clearwater-2019"
"4930","Littoral","Amphipoda","Amphipoda","Littoral_BL",NA,NA,7.882643081,-32.48986075,"Clearwater-2019"
"4931","Littoral","Ephemeroptera","Caenidae","Littoral_BL",NA,NA,8.376738275,-25.44162876,"Clearwater-2019"
"4932","Littoral","Amphipoda","Amphipoda","Littoral_BL",NA,NA,9.396167375,-24.17711225,"Clearwater-2019"
"4933","Littoral","Ephemeroptera","Heptageniidae","Littoral_BL",NA,NA,11.27523389,-26.73643916,"Clearwater-2019"
"4934","Littoral","Amphipoda","Amphipoda","Littoral_BL",NA,NA,11.38860466,-24.46849711,"Clearwater-2019"
"4935","Pelagic","Copepods & cladocerans",NA,"Pelagic_BL",NA,NA,8.597799421,-32.51411362,"Clearwater-2019"
"4936","Pelagic","Copepods & cladocerans",NA,"Pelagic_BL",NA,NA,9.4037831,-31.27886673,"Clearwater-2019"
"4937","Pelagic","Copepods & cladocerans",NA,"Pelagic_BL",NA,NA,10.38970505,-29.26238483,"Clearwater-2019"
"5056","Littoral","Amphipoda","Amphipoda","Littoral_BL",NA,NA,4.982461115,-23.71691855,"Green-2020"
"5057","Littoral","Amphipoda","Amphipoda","Littoral_BL",NA,NA,4.254846197,-23.61139474,"Green-2020"
"5058","Littoral","Amphipoda","Amphipoda","Littoral_BL",NA,NA,4.309055171,-23.28617246,"Green-2020"
"5059","Littoral","Amphipoda","Amphipoda","Littoral_BL",NA,NA,6.688467531,-22.95076771,"Green-2020"
"5060","Littoral","Amphipoda","Amphipoda","Littoral_BL",NA,NA,6.390316874,-21.57793923,"Green-2020"
"5061","Littoral","Amphipoda","Amphipoda","Littoral_BL",NA,NA,6.094561715,-22.24189817,"Green-2020"
"5062","Littoral","Amphipoda","Amphipoda","Littoral_BL",NA,NA,6.591287323,-22.23111779,"Green-2020"
"5063","Littoral","Amphipoda","Amphipoda","Littoral_BL",NA,NA,6.560128074,-22.94355392,"Green-2020"
"5064","Littoral","Amphipoda","Amphipoda","Littoral_BL",NA,NA,4.145923245,-24.00017531,"Green-2020"
"5065","Littoral","Amphipoda","Amphipoda","Littoral_BL",NA,NA,3.994617609,-24.82923873,"Green-2020"
"5066","Littoral","Amphipoda","Amphipoda","Littoral_BL",NA,NA,4.058333986,-23.56602029,"Green-2020"
"5067","Littoral","Ephemeroptera","Baetidae","Littoral_BL",NA,NA,3.804313767,-25.86784028,"Green-2020"
"5068","Littoral","Ephemeroptera","Heptageniidae","Littoral_BL",NA,NA,4.299806119,-24.73674288,"Green-2020"
"5069","Littoral","Dreissena","polymorpha","Pelagic_BL",NA,NA,6.837130695,-30.10555913,"Green-2020"
"5070","Littoral","Dreissena","polymorpha","Pelagic_BL",NA,NA,5.553566242,-32.15584405,"Green-2020"
"5071","Littoral","Dreissena","polymorpha","Pelagic_BL",NA,NA,5.791915684,-32.30345987,"Green-2020"
"5072","Littoral","Dreissena","polymorpha","Pelagic_BL",NA,NA,5.742285235,-29.29490981,"Green-2020"
"5073","Littoral","Dreissena","polymorpha","Pelagic_BL",NA,NA,4.633373929,-31.54510764,"Green-2020"
"5074","Littoral","Dreissena","polymorpha","Pelagic_BL",NA,NA,5.579336529,-29.07659422,"Green-2020"
"5075","Littoral","Dreissena","polymorpha","Pelagic_BL",NA,NA,1.742744126,-27.47175702,"Green-2020"
"5076","Littoral","Dreissena","polymorpha","Pelagic_BL",NA,NA,5.826187969,-31.91038581,"Green-2020"
"5077","Pelagic","Copepods & cladocerans",NA,"Pelagic_BL",NA,NA,8.618274893,-28.40818645,"Green-2020"
"5078","Pelagic","Copepods & cladocerans",NA,"Pelagic_BL",NA,NA,8.783367083,-28.56931997,"Green-2020"
"5079","Pelagic","Copepods & cladocerans",NA,"Pelagic_BL",NA,NA,8.331103095,-28.47224005,"Green-2020"
"5228","Littoral","Amphipoda","Amphipoda","Littoral_BL",NA,NA,5.307816861,-21.74543248,"Gull-2019"
"5229","Littoral","Amphipoda","Amphipoda","Littoral_BL",NA,NA,6.191075291,-22.45201163,"Gull-2019"
"5230","Littoral","Ephemeroptera","Heptageniidae","Littoral_BL",NA,NA,6.230737635,-25.4847506,"Gull-2019"
"5231","Littoral","Ephemeroptera","Caenidae","Littoral_BL",NA,NA,5.391985461,-23.80009612,"Gull-2019"
"5232","Littoral","Ephemeroptera","Caenidae","Littoral_BL",NA,NA,6.478065031,-22.63662322,"Gull-2019"
"5233","Littoral","Amphipoda","Amphipoda","Littoral_BL",NA,NA,6.286674561,-21.5552024,"Gull-2019"
"5234","Littoral","Ephemeroptera","Caenidae","Littoral_BL",NA,NA,3.500964814,-24.81783883,"Gull-2019"
"5235","Littoral","Ephemeroptera","Leptophlebiidae","Littoral_BL",NA,NA,2.459059403,-21.35110589,"Gull-2019"
"5236","Littoral","Amphipoda","Amphipoda","Littoral_BL",NA,NA,3.868607878,-23.56109445,"Gull-2019"
"5237","Littoral","Dreissena","polymorpha","Pelagic_BL",NA,NA,7.649827221,-32.67271695,"Gull-2019"
"5238","Littoral","Dreissena","polymorpha","Pelagic_BL",NA,NA,8.682605026,-32.21167561,"Gull-2019"
"5239","Littoral","Dreissena","polymorpha","Pelagic_BL",NA,NA,7.640540249,-32.51705929,"Gull-2019"
"5240","Pelagic","Copepods & cladocerans",NA,"Pelagic_BL",NA,NA,8.412348111,-31.01978506,"Gull-2019"
"5241","Pelagic","Copepods & cladocerans",NA,"Pelagic_BL",NA,NA,7.370529509,-30.31061268,"Gull-2019"
"5242","Pelagic","Copepods & cladocerans",NA,"Pelagic_BL",NA,NA,8.2478411,-30.75226123,"Gull-2019"
"5243","Pelagic","Copepods & cladocerans",NA,"Pelagic_BL",NA,NA,8.508522439,-30.61943874,"Gull-2019"
"5244","Pelagic","Copepods & cladocerans",NA,"Pelagic_BL",NA,NA,9.396791194,-29.89337324,"Gull-2019"
"5245","Pelagic","Copepods & cladocerans",NA,"Pelagic_BL",NA,NA,8.224136021,-29.47304364,"Gull-2019"
"5356","Littoral","Ephemeroptera","Heptageniidae","Littoral_BL",NA,NA,3.766635588,-21.95472863,"Horseshoe-2019"
"5357","Littoral","Ephemeroptera","Leptophlebiidae","Littoral_BL",NA,NA,4.688174314,-22.80315584,"Horseshoe-2019"
"5358","Littoral","Amphipoda","Amphipoda","Littoral_BL",NA,NA,4.050844768,-19.48658677,"Horseshoe-2019"
"5359","Littoral","Ephemeroptera","Leptophlebiidae","Littoral_BL",NA,NA,2.514737509,-23.10418439,"Horseshoe-2019"
"5360","Littoral","Ephemeroptera","Caenidae","Littoral_BL",NA,NA,3.254806635,-24.49806506,"Horseshoe-2019"
"5361","Littoral","Amphipoda","Amphipoda","Littoral_BL",NA,NA,3.311254955,-19.99767754,"Horseshoe-2019"
"5362","Littoral","Ephemeroptera","Caenidae","Littoral_BL",NA,NA,1.217572494,-21.06958582,"Horseshoe-2019"
"5363","Littoral","Amphipoda","Amphipoda","Littoral_BL",NA,NA,3.358635837,-20.14249083,"Horseshoe-2019"
"5364","Littoral","Ephemeroptera","Heptageniidae","Littoral_BL",NA,NA,3.949192692,-20.37600376,"Horseshoe-2019"
"5365","Littoral","Ephemeroptera","Leptophlebiidae","Littoral_BL",NA,NA,3.605971208,-23.49054843,"Horseshoe-2019"
"5366","Littoral","Ephemeroptera","Heptageniidae","Littoral_BL",NA,NA,4.316778532,-21.23673202,"Horseshoe-2019"
"5367","Littoral","Ephemeroptera","Heptageniidae","Littoral_BL",NA,NA,4.089214044,-21.58133478,"Horseshoe-2019"
"5368","Littoral","Ephemeroptera","Caenidae","Littoral_BL",NA,NA,3.428709744,-22.07674707,"Horseshoe-2019"
"5369","Littoral","Amphipoda","Amphipoda","Littoral_BL",NA,NA,3.719828054,-20.41153316,"Horseshoe-2019"
"5370","Pelagic","Copepods & cladocerans",NA,"Pelagic_BL",NA,NA,3.572435551,-26.6713476,"Horseshoe-2019"
"5371","Pelagic","Copepods & cladocerans",NA,"Pelagic_BL",NA,NA,4.273188786,-24.73006912,"Horseshoe-2019"
"5372","Pelagic","Copepods & cladocerans",NA,"Pelagic_BL",NA,NA,4.813634382,-25.00185212,"Horseshoe-2019"
"5373","Pelagic","Copepods & cladocerans",NA,"Pelagic_BL",NA,NA,6.158185971,-23.69811485,"Horseshoe-2019"
"5374","Pelagic","Copepods & cladocerans",NA,"Pelagic_BL",NA,NA,5.067778697,-25.19296634,"Horseshoe-2019"
"5375","Pelagic","Copepods & cladocerans",NA,"Pelagic_BL",NA,NA,3.840185366,-27.09225716,"Horseshoe-2019"
"5471","Littoral","Amphipoda","Amphipoda","Littoral_BL",NA,NA,2.330910025,-20.3506448,"Island-2020"
"5472","Littoral","Amphipoda","Amphipoda","Littoral_BL",NA,NA,2.850696426,-20.1822788,"Island-2020"
"5473","Littoral","Amphipoda","Amphipoda","Littoral_BL",NA,NA,2.728321629,-21.45244281,"Island-2020"
"5474","Littoral","Amphipoda","Amphipoda","Littoral_BL",NA,NA,2.738949385,-21.59706787,"Island-2020"
"5475","Littoral","Amphipoda","Amphipoda","Littoral_BL",NA,NA,2.269129598,-23.34957654,"Island-2020"
"5476","Littoral","Ephemeroptera","Caenidae","Littoral_BL",NA,NA,2.631384926,-27.41644414,"Island-2020"
"5477","Littoral","Ephemeroptera","Leptophlebiidae","Littoral_BL",NA,NA,2.035845254,-26.79147298,"Island-2020"
"5478","Littoral","Ephemeroptera","Heptageniidae","Littoral_BL",NA,NA,1.526736347,-22.41006567,"Island-2020"
"5479","Littoral","Amphipoda","Amphipoda","Littoral_BL",NA,NA,2.535809393,-20.20279174,"Island-2020"
"5480","Littoral","Amphipoda","Amphipoda","Littoral_BL",NA,NA,2.739998878,-19.50075764,"Island-2020"
"5481","Littoral","Amphipoda","Amphipoda","Littoral_BL",NA,NA,2.292971937,-20.20393491,"Island-2020"
"5482","Littoral","Ephemeroptera","Heptageniidae","Littoral_BL",NA,NA,2.991387169,-21.93943903,"Island-2020"
"5483","Littoral","Ephemeroptera","Heptageniidae","Littoral_BL",NA,NA,2.67521679,-20.25981995,"Island-2020"
"5484","Littoral","Ephemeroptera","Heptageniidae","Littoral_BL",NA,NA,3.400371391,-24.14098787,"Island-2020"
"5485","Littoral","Ephemeroptera","Heptageniidae","Littoral_BL",NA,NA,3.288600515,-24.18810663,"Island-2020"
"5486","Littoral","Ephemeroptera","Heptageniidae","Littoral_BL",NA,NA,2.781182467,-24.22998311,"Island-2020"
"5487","Littoral","Ephemeroptera","Heptageniidae","Littoral_BL",NA,NA,2.937430444,-21.53219664,"Island-2020"
"5488","Littoral","Ephemeroptera","Heptageniidae","Littoral_BL",NA,NA,2.981141832,-22.78730707,"Island-2020"
"5489","Littoral","Amphipoda","Amphipoda","Littoral_BL",NA,NA,2.90354843,-20.28055098,"Island-2020"
"5490","Littoral","Amphipoda","Amphipoda","Littoral_BL",NA,NA,4.405485229,-23.85117081,"Island-2020"
"5491","Littoral","Amphipoda","Amphipoda","Littoral_BL",NA,NA,2.888484048,-20.86264531,"Island-2020"
"5492","Littoral","Ephemeroptera","Ephemeridae","Littoral_BL",NA,NA,2.549653498,-23.36609985,"Island-2020"
"5493","Littoral","Ephemeroptera","Ephemeridae","Littoral_BL",NA,NA,2.886441506,-24.17731488,"Island-2020"
"5494","Littoral","Ephemeroptera","Ephemeridae","Littoral_BL",NA,NA,3.369990554,-23.889629,"Island-2020"
"5495","Littoral","Ephemeroptera","Ephemeridae","Littoral_BL",NA,NA,3.094311639,-24.24789088,"Island-2020"
"5496","Littoral","Ephemeroptera","Ephemeridae","Littoral_BL",NA,NA,2.823519979,-24.11557747,"Island-2020"
"5497","Littoral","Unionidae","Pyganodon","Pelagic_BL",NA,NA,5.564208613,-27.1955211,"Island-2020"
"5498","Littoral","Unionidae","Pyganodon","Pelagic_BL",NA,NA,5.179506164,-27.79066471,"Island-2020"
"5499","Littoral","Unionidae","Pyganodon","Pelagic_BL",NA,NA,5.55953614,-27.3867705,"Island-2020"
"5500","Littoral","Unionidae","Lampsilis","Pelagic_BL",NA,NA,5.60256776,-26.9848316,"Island-2020"
"5501","Littoral","Unionidae","Pyganodon","Pelagic_BL",NA,NA,5.937208188,-27.29784588,"Island-2020"
"5502","Pelagic","Copepods & cladocerans",NA,"Pelagic_BL",NA,NA,7.511587266,-26.20100891,"Island-2020"
"5503","Pelagic","Copepods & cladocerans",NA,"Pelagic_BL",NA,NA,6.992480193,-26.47004034,"Island-2020"
"5504","Pelagic","Copepods & cladocerans",NA,"Pelagic_BL",NA,NA,6.837553945,-26.43968679,"Island-2020"
"5505","Pelagic","Copepods & cladocerans",NA,"Pelagic_BL",NA,NA,7.220322119,-26.59845071,"Island-2020"
"5506","Pelagic","Copepods & cladocerans",NA,"Pelagic_BL",NA,NA,6.653452696,-26.59534138,"Island-2020"
"5507","Pelagic","Copepods & cladocerans",NA,"Pelagic_BL",NA,NA,7.277828051,-26.88094742,"Island-2020"
"5644","Littoral","Amphipoda","Amphipoda","Littoral_BL",NA,NA,11.8703901,-23.71801352,"Koronis-2019"
"5645","Littoral","Amphipoda","Amphipoda","Littoral_BL",NA,NA,14.06634902,-26.64753975,"Koronis-2019"
"5646","Littoral","Amphipoda","Amphipoda","Littoral_BL",NA,NA,12.01707369,-26.31566743,"Koronis-2019"
"5647","Littoral","Ephemeroptera","Heptageniidae","Littoral_BL",NA,NA,12.11341808,-27.59472733,"Koronis-2019"
"5648","Littoral","Amphipoda","Amphipoda","Littoral_BL",NA,NA,11.92397613,-25.51959328,"Koronis-2019"
"5649","Littoral","Ephemeroptera","Caenidae","Littoral_BL",NA,NA,12.16742528,-28.8679874,"Koronis-2019"
"5650","Littoral","Ephemeroptera","Leptophlebiidae","Littoral_BL",NA,NA,12.52305713,-28.66909816,"Koronis-2019"
"5651","Pelagic","Copepods & cladocerans",NA,"Pelagic_BL",NA,NA,14.95972107,-29.86594061,"Koronis-2019"
"5652","Pelagic","Copepods & cladocerans",NA,"Pelagic_BL",NA,NA,12.69419983,-31.68617545,"Koronis-2019"
"5653","Pelagic","Copepods & cladocerans",NA,"Pelagic_BL",NA,NA,16.07832673,-28.9731109,"Koronis-2019"
"5760","Littoral","Amphipoda","amphipoda","Littoral_BL",NA,NA,5.46,-22.37,"Leech-2022"
"5761","Littoral","Amphipoda","amphipoda","Littoral_BL",NA,NA,5.03,-21.13,"Leech-2022"
"5762","Littoral","Amphipoda","amphipoda","Littoral_BL",NA,NA,4.07,-22.14,"Leech-2022"
"5763","Littoral","Amphipoda","amphipoda","Littoral_BL",NA,NA,4.85,-24.51,"Leech-2022"
"5764","Littoral","Amphipoda","amphipoda","Littoral_BL",NA,NA,3.77,-20.97,"Leech-2022"
"5765","Littoral","Amphipoda","amphipoda","Littoral_BL",NA,NA,4.24,-21.24,"Leech-2022"
"5766","Littoral","Amphipoda","amphipoda","Littoral_BL",NA,NA,5.92,-22.31,"Leech-2022"
"5767","Littoral","Amphipoda","amphipoda","Littoral_BL",NA,NA,3.91,-22.67,"Leech-2022"
"5768","Littoral","Ephemeroptera","caenidae","Littoral_BL",NA,NA,5.14,-22.58,"Leech-2022"
"5769","Littoral","Amphipoda","amphipoda","Littoral_BL",NA,NA,4.83,-20.74,"Leech-2022"
"5770","Littoral","Amphipoda","amphipoda","Littoral_BL",NA,NA,5.1,-21.45,"Leech-2022"
"5771","Littoral","Ephemeroptera","caenidae","Littoral_BL",NA,NA,5.24,-22,"Leech-2022"
"5772","Littoral","Amphipoda","amphipoda","Littoral_BL",NA,NA,4.11,-24.58,"Leech-2022"
"5773","Littoral","Amphipoda","amphipoda","Littoral_BL",NA,NA,4.03,-24.82,"Leech-2022"
"5774","Littoral","Amphipoda","amphipoda","Littoral_BL",NA,NA,4.1,-20.73,"Leech-2022"
"5775","Littoral","Bivalvia","unionidae","Pelagic_BL",NA,NA,6.31,-27.96,"Leech-2022"
"5776","Littoral","Bivalvia","unionidae","Pelagic_BL",NA,NA,5.87,-27.25,"Leech-2022"
"5777","Littoral","Bivalvia","dreisseniidae","Pelagic_BL",NA,NA,4.6,-27.52,"Leech-2022"
"5778","Littoral","Bivalvia","dreisseniidae","Pelagic_BL",NA,NA,5.96,-25.16,"Leech-2022"
"5779","Littoral","Bivalvia","dreisseniidae","Pelagic_BL",NA,NA,4.88,-28.43,"Leech-2022"
"5780","Littoral","Bivalvia","dreisseniidae","Pelagic_BL",NA,NA,5.17,-25.19,"Leech-2022"
"5781","Littoral","Bivalvia","unionidae","Pelagic_BL",NA,NA,6.47,-26.11,"Leech-2022"
"5782","Littoral","Bivalvia","unionidae","Pelagic_BL",NA,NA,6.27,-25.68,"Leech-2022"
"5783","Littoral","Bivalvia","dreisseniidae","Pelagic_BL",NA,NA,5.81,-22.71,"Leech-2022"
"5784","Littoral","Bivalvia","dreisseniidae","Pelagic_BL",NA,NA,5.71,-27.26,"Leech-2022"
"5785","Littoral","Bivalvia","unionidae","Pelagic_BL",NA,NA,5.74,-27.32,"Leech-2022"
"5786","Littoral","Bivalvia","unionidae","Pelagic_BL",NA,NA,5.24,-27.28,"Leech-2022"
"5787","Littoral","Bivalvia","dreisseniidae","Pelagic_BL",NA,NA,4.23,-28.3,"Leech-2022"
"5788","Pelagic","Zooplankton",NA,"Pelagic_BL",NA,NA,6.97,-27.1,"Leech-2022"
"5789","Pelagic","Zooplankton",NA,"Pelagic_BL",NA,NA,7.29,-27.77,"Leech-2022"
"5790","Pelagic","Zooplankton",NA,"Pelagic_BL",NA,NA,6.39,-29.97,"Leech-2022"
"5791","Pelagic","Zooplankton",NA,"Pelagic_BL",NA,NA,7.76,-33.42,"Leech-2022"
"5792","Pelagic","Zooplankton",NA,"Pelagic_BL",NA,NA,8.34,-34.86,"Leech-2022"
"5793","Littoral","Bivalvia","dreisseniidae","Pelagic_BL",NA,NA,5.67,-26.78,"Leech-2022"
"5794","Littoral","Bivalvia","dreisseniidae","Pelagic_BL",NA,NA,5.8,-25.97,"Leech-2022"
"5795","Littoral","Bivalvia","dreisseniidae","Pelagic_BL",NA,NA,4.77,-31.46,"Leech-2022"
"5796","Littoral","Bivalvia","dreisseniidae","Pelagic_BL",NA,NA,4.5,-23.07,"Leech-2022"
"5797","Pelagic","Zooplankton",NA,"Pelagic_BL",NA,NA,8.3,-31.38,"Leech-2022"
"5798","Pelagic","Zooplankton",NA,"Pelagic_BL",NA,NA,8.22,-29.84,"Leech-2022"
"5799","Pelagic","Zooplankton",NA,"Pelagic_BL",NA,NA,6.56,-28.3,"Leech-2022"
"5800","Pelagic","Zooplankton",NA,"Pelagic_BL",NA,NA,8.35,-26.59,"Leech-2022"
"5801","Pelagic","Zooplankton",NA,"Pelagic_BL",NA,NA,7.45,-26.03,"Leech-2022"
"5802","Pelagic","Zooplankton",NA,"Pelagic_BL",NA,NA,7.06,-26.6,"Leech-2022"
"5803","Pelagic","Zooplankton",NA,"Pelagic_BL",NA,NA,8.89,-28.68,"Leech-2022"
"5804","Pelagic","Zooplankton",NA,"Pelagic_BL",NA,NA,8.19,-28.57,"Leech-2022"
"6060","Littoral","Ephemeroptera","heptageniidae","Littoral_BL",NA,NA,2.67,-24.21,"Little Boy-2021"
"6061","Littoral","Amphipoda",NA,"Littoral_BL",NA,NA,4.63,-24.36,"Little Boy-2021"
"6062","Littoral","Ephemeroptera","heptageniidae","Littoral_BL",NA,NA,3.26,-27.13,"Little Boy-2021"
"6063","Littoral","Amphipoda",NA,"Littoral_BL",NA,NA,3.78,-28.02,"Little Boy-2021"
"6064","Littoral","Ephemeroptera","heptageniidae","Littoral_BL",NA,NA,1.89,-25.4,"Little Boy-2021"
"6065","Littoral","Amphipoda",NA,"Littoral_BL",NA,NA,2.1,-23.91,"Little Boy-2021"
"6066","Littoral","Amphipoda",NA,"Littoral_BL",NA,NA,3.88,-23.36,"Little Boy-2021"
"6067","Littoral","Ephemeroptera","heptageniidae","Littoral_BL",NA,NA,2.46,-25.3,"Little Boy-2021"
"6068","Littoral","Bivalvia","unionidae","Pelagic_BL",NA,NA,5.89,-30.37,"Little Boy-2021"
"6069","Littoral","Bivalvia","unionidae","Pelagic_BL",NA,NA,5.78,-30.54,"Little Boy-2021"
"6070","Littoral","Bivalvia","unionidae","Pelagic_BL",NA,NA,5.54,-30.52,"Little Boy-2021"
"6071","Littoral","Bivalvia","unionidae","Pelagic_BL",NA,NA,5.87,-31.73,"Little Boy-2021"
"6072","Littoral","Bivalvia","unionidae","Pelagic_BL",NA,NA,5.85,-30.65,"Little Boy-2021"
"6073","Littoral","Bivalvia","unionidae","Pelagic_BL",NA,NA,5.9,-32.17,"Little Boy-2021"
"6074","Littoral","Bivalvia","unionidae","Pelagic_BL",NA,NA,5.02,-31.22,"Little Boy-2021"
"6075","Littoral","Bivalvia","unionidae","Pelagic_BL",NA,NA,4.34,-30.18,"Little Boy-2021"
"6206","Littoral","Ephemeroptera","Caenidae","Littoral_BL",NA,NA,4.597715211,-23.09870754,"Melissa-2019"
"6207","Littoral","Ephemeroptera","Baetidae","Littoral_BL",NA,NA,4.870990837,-21.77141586,"Melissa-2019"
"6208","Littoral","Amphipoda","Amphipoda","Littoral_BL",NA,NA,4.629798048,-21.73069832,"Melissa-2019"
"6209","Littoral","Amphipoda","Amphipoda","Littoral_BL",NA,NA,4.665087002,-21.64978956,"Melissa-2019"
"6210","Littoral","Amphipoda","Amphipoda","Littoral_BL",NA,NA,4.334634348,-21.76521855,"Melissa-2019"
"6211","Littoral","Ephemeroptera","Ephemeridae","Littoral_BL",NA,NA,4.043893661,-23.58563981,"Melissa-2019"
"6212","Littoral","Ephemeroptera","Caenidae","Littoral_BL",NA,NA,4.36139501,-21.19724321,"Melissa-2019"
"6213","Littoral","Ephemeroptera","Baetidae","Littoral_BL",NA,NA,3.787227229,-22.42982113,"Melissa-2019"
"6214","Littoral","Amphipoda","Amphipoda","Littoral_BL",NA,NA,4.299431111,-21.63174165,"Melissa-2019"
"6215","Littoral","Amphipoda","Amphipoda","Littoral_BL",NA,NA,5.603245433,-21.59276286,"Melissa-2019"
"6216","Littoral","Ephemeroptera","Caenidae","Littoral_BL",NA,NA,4.178538651,-23.71857008,"Melissa-2019"
"6217","Pelagic","Copepods & cladocerans",NA,"Pelagic_BL",NA,NA,8.672225179,-26.6511889,"Melissa-2019"
"6218","Pelagic","Copepods & cladocerans",NA,"Pelagic_BL",NA,NA,8.846326333,-26.07154282,"Melissa-2019"
"6219","Pelagic","Copepods & cladocerans",NA,"Pelagic_BL",NA,NA,8.669471113,-26.38752096,"Melissa-2019"
"6220","Pelagic","Copepods & cladocerans",NA,"Pelagic_BL",NA,NA,8.147344613,-26.37409116,"Melissa-2019"
"6221","Pelagic","Copepods & cladocerans",NA,"Pelagic_BL",NA,NA,7.410307485,-28.4049187,"Melissa-2019"
"6300","Littoral","Ephemeroptera","baetidae","Littoral_BL",NA,NA,2.88,-24.87,"North Lida-2021"
"6301","Littoral","Amphipoda",NA,"Littoral_BL",NA,NA,2.33,-21.63,"North Lida-2021"
"6302","Littoral","Ephemeroptera","heptageniidae","Littoral_BL",NA,NA,2.53,-21.9,"North Lida-2021"
"6303","Littoral","Amphipoda",NA,"Littoral_BL",NA,NA,3.39,-19.45,"North Lida-2021"
"6304","Littoral","Ephemeroptera","baetidae","Littoral_BL",NA,NA,2.61,-22.68,"North Lida-2021"
"6305","Littoral","Ephemeroptera","heptageniidae","Littoral_BL",NA,NA,2.38,-21.71,"North Lida-2021"
"6306","Littoral","Amphipoda",NA,"Littoral_BL",NA,NA,2.46,-19.33,"North Lida-2021"
"6307","Littoral","Amphipoda",NA,"Littoral_BL",NA,NA,2.88,-18.92,"North Lida-2021"
"6308","Littoral","Ephemeroptera","heptageniidae","Littoral_BL",NA,NA,1.92,-18.79,"North Lida-2021"
"6309","Littoral","Ephemeroptera","baetidae","Littoral_BL",NA,NA,3.59,-20.84,"North Lida-2021"
"6310","Littoral","Amphipoda",NA,"Littoral_BL",NA,NA,3.21,-18.76,"North Lida-2021"
"6311","Littoral","Ephemeroptera","heptageniidae","Littoral_BL",NA,NA,1.92,-21.77,"North Lida-2021"
"6312","Littoral","Bivalvia","dreisseniidae","Pelagic_BL",NA,NA,4.26,-24.82,"North Lida-2021"
"6313","Littoral","Bivalvia","dreisseniidae","Pelagic_BL",NA,NA,4.66,-24.07,"North Lida-2021"
"6314","Littoral","Bivalvia","dreisseniidae","Pelagic_BL",NA,NA,4.49,-24.71,"North Lida-2021"
"6315","Littoral","Bivalvia","dreisseniidae","Pelagic_BL",NA,NA,4.37,-20.1,"North Lida-2021"
"6316","Littoral","Bivalvia","dreisseniidae","Pelagic_BL",NA,NA,4.79,-21.5,"North Lida-2021"
"6447","Littoral","Amphipoda","Amphipoda","Littoral_BL",NA,NA,2.525913199,-20.48242501,"Pelican-2020"
"6448","Littoral","Amphipoda","Amphipoda","Littoral_BL",NA,NA,2.658863741,-21.16908228,"Pelican-2020"
"6449","Littoral","Amphipoda","Amphipoda","Littoral_BL",NA,NA,3.198786477,-18.74395439,"Pelican-2020"
"6450","Littoral","Ephemeroptera","Leptophlebiidae","Littoral_BL",NA,NA,3.39205796,-19.27251655,"Pelican-2020"
"6451","Littoral","Ephemeroptera","Heptageniidae","Littoral_BL",NA,NA,3.538602534,-20.79328646,"Pelican-2020"
"6452","Littoral","Ephemeroptera","Heptageniidae","Littoral_BL",NA,NA,3.904842365,-20.80295592,"Pelican-2020"
"6453","Littoral","Ephemeroptera","Heptageniidae","Littoral_BL",NA,NA,3.370957156,-20.05889563,"Pelican-2020"
"6454","Littoral","Ephemeroptera","Heptageniidae","Littoral_BL",NA,NA,3.671212103,-20.50966461,"Pelican-2020"
"6455","Littoral","Ephemeroptera","Heptageniidae","Littoral_BL",NA,NA,3.440220005,-20.31609405,"Pelican-2020"
"6456","Littoral","Ephemeroptera","Heptageniidae","Littoral_BL",NA,NA,3.122094702,-21.86722795,"Pelican-2020"
"6457","Littoral","Ephemeroptera","Heptageniidae","Littoral_BL",NA,NA,3.914157353,-21.68421869,"Pelican-2020"
"6458","Littoral","Amphipoda","Amphipoda","Littoral_BL",NA,NA,4.218177241,-19.46834704,"Pelican-2020"
"6459","Littoral","Amphipoda","Amphipoda","Littoral_BL",NA,NA,3.913615079,-18.84554662,"Pelican-2020"
"6460","Littoral","Ephemeroptera","Leptophlebiidae","Littoral_BL",NA,NA,3.940629484,-20.03865995,"Pelican-2020"
"6461","Pelagic","Copepods & cladocerans",NA,"Pelagic_BL",NA,NA,9.076181569,-25.58221495,"Pelican-2020"
"6462","Pelagic","Copepods & cladocerans",NA,"Pelagic_BL",NA,NA,10.18701403,-25.27853439,"Pelican-2020"
"6463","Pelagic","Copepods & cladocerans",NA,"Pelagic_BL",NA,NA,8.813599047,-24.22671171,"Pelican-2020"
"6608","Littoral","Amphipoda","amphipoda","Littoral_BL",NA,NA,2.82,-27.79,"Plantagenet-2022"
"6609","Littoral","Amphipoda","amphipoda","Littoral_BL",NA,NA,5.4,-28.28,"Plantagenet-2022"
"6610","Littoral","Amphipoda","amphipoda","Littoral_BL",NA,NA,3.27,-27.77,"Plantagenet-2022"
"6611","Littoral","Amphipoda","amphipoda","Littoral_BL",NA,NA,3.06,-28.28,"Plantagenet-2022"
"6612","Littoral","Amphipoda","amphipoda","Littoral_BL",NA,NA,4.19,-27.98,"Plantagenet-2022"
"6613","Pelagic","Zooplankton",NA,"Pelagic_BL",NA,NA,7.53,-33.87,"Plantagenet-2022"
"6614","Pelagic","Zooplankton",NA,"Pelagic_BL",NA,NA,7.12,-33.88,"Plantagenet-2022"
"6615","Pelagic","Zooplankton",NA,"Pelagic_BL",NA,NA,6.97,-33.67,"Plantagenet-2022"
"6616","Pelagic","Zooplankton",NA,"Pelagic_BL",NA,NA,6.62,-33.63,"Plantagenet-2022"
"6617","Pelagic","Zooplankton",NA,"Pelagic_BL",NA,NA,7.16,-33.82,"Plantagenet-2022"
"6618","Littoral","Bivalvia","unionidae","Pelagic_BL",NA,NA,5.79,-33.06,"Plantagenet-2022"
"6619","Littoral","Bivalvia","unionidae","Pelagic_BL",NA,NA,5.9,-32.44,"Plantagenet-2022"
"6620","Littoral","Bivalvia","unionidae","Pelagic_BL",NA,NA,5.8,-33.37,"Plantagenet-2022"
"6621","Littoral","Bivalvia","unionidae","Pelagic_BL",NA,NA,5.68,-32.77,"Plantagenet-2022"
"6622","Littoral","Bivalvia","unionidae","Pelagic_BL",NA,NA,5.67,-32,"Plantagenet-2022"
"6623","Pelagic","Zooplankton",NA,"Pelagic_BL",NA,NA,7.36,-32.69,"Plantagenet-2022"
"6624","Pelagic","Zooplankton",NA,"Pelagic_BL",NA,NA,8.14,-32.54,"Plantagenet-2022"
"6625","Pelagic","Zooplankton",NA,"Pelagic_BL",NA,NA,7.85,-32.54,"Plantagenet-2022"
"6626","Pelagic","Zooplankton",NA,"Pelagic_BL",NA,NA,8.15,-32.45,"Plantagenet-2022"
"6627","Pelagic","Zooplankton",NA,"Pelagic_BL",NA,NA,7.95,-32.77,"Plantagenet-2022"
"6762","Littoral","Amphipoda","amphipoda","Littoral_BL",NA,NA,4.5,-27.15,"Potato-2022"
"6763","Littoral","Amphipoda","amphipoda","Littoral_BL",NA,NA,4.27,-28.67,"Potato-2022"
"6764","Littoral","Amphipoda","amphipoda","Littoral_BL",NA,NA,4.2,-28.48,"Potato-2022"
"6765","Littoral","Amphipoda","amphipoda","Littoral_BL",NA,NA,4.85,-27.69,"Potato-2022"
"6766","Littoral","Amphipoda","amphipoda","Littoral_BL",NA,NA,3.28,-28.39,"Potato-2022"
"6767","Littoral","Bivalvia","unionidae","Pelagic_BL",NA,NA,6.72,-32.57,"Potato-2022"
"6768","Littoral","Bivalvia","unionidae","Pelagic_BL",NA,NA,7.6,-32.92,"Potato-2022"
"6769","Pelagic","Zooplankton",NA,"Pelagic_BL",NA,NA,7.86,-33.19,"Potato-2022"
"6770","Pelagic","Zooplankton",NA,"Pelagic_BL",NA,NA,5.61,-32.77,"Potato-2022"
"6771","Pelagic","Zooplankton",NA,"Pelagic_BL",NA,NA,6.22,-32.48,"Potato-2022"
"6772","Pelagic","Zooplankton",NA,"Pelagic_BL",NA,NA,7.29,-33.77,"Potato-2022"
"6773","Pelagic","Zooplankton",NA,"Pelagic_BL",NA,NA,5.14,-33.1,"Potato-2022"
"6774","Littoral","Bivalvia","unionidae","Pelagic_BL",NA,NA,6.86,-34.84,"Potato-2022"
"6775","Littoral","Bivalvia","unionidae","Pelagic_BL",NA,NA,6.96,-34.36,"Potato-2022"
"6776","Pelagic","Zooplankton",NA,"Pelagic_BL",NA,NA,8.21,-33.04,"Potato-2022"
"6777","Pelagic","Zooplankton",NA,"Pelagic_BL",NA,NA,7.84,-33.18,"Potato-2022"
"6778","Pelagic","Zooplankton",NA,"Pelagic_BL",NA,NA,7.64,-31.96,"Potato-2022"
"6915","Littoral","Amphipoda","amphipoda","Littoral_BL",NA,NA,4.59,-21.62,"Round-2022"
"6916","Littoral","Amphipoda","amphipoda","Littoral_BL",NA,NA,4.54,-21.77,"Round-2022"
"6917","Littoral","Amphipoda","amphipoda","Littoral_BL",NA,NA,4.22,-21.64,"Round-2022"
"6918","Littoral","Amphipoda","amphipoda","Littoral_BL",NA,NA,4.8,-21.83,"Round-2022"
"6919","Littoral","Amphipoda","amphipoda","Littoral_BL",NA,NA,4.29,-22.44,"Round-2022"
"6920","Pelagic","Zooplankton",NA,"Pelagic_BL",NA,NA,6.5,-27.06,"Round-2022"
"6921","Pelagic","Zooplankton",NA,"Pelagic_BL",NA,NA,6.66,-27.13,"Round-2022"
"6922","Pelagic","Zooplankton",NA,"Pelagic_BL",NA,NA,7.71,-26.8,"Round-2022"
"6923","Pelagic","Zooplankton",NA,"Pelagic_BL",NA,NA,5.71,-26.72,"Round-2022"
"6924","Pelagic","Zooplankton",NA,"Pelagic_BL",NA,NA,4,-25.49,"Round-2022"
"6925","Littoral","Bivalvia","unionidae","Pelagic_BL",NA,NA,6.82,-26.34,"Round-2022"
"6926","Littoral","Bivalvia","unionidae","Pelagic_BL",NA,NA,5.73,-26.3,"Round-2022"
"6927","Littoral","Bivalvia","unionidae","Pelagic_BL",NA,NA,5.45,-26.62,"Round-2022"
"6928","Littoral","Bivalvia","unionidae","Pelagic_BL",NA,NA,6.77,-26.14,"Round-2022"
"6929","Littoral","Bivalvia","unionidae","Pelagic_BL",NA,NA,6.58,-26.34,"Round-2022"
"6930","Pelagic","Zooplankton",NA,"Pelagic_BL",NA,NA,6.75,-26.58,"Round-2022"
"6931","Pelagic","Zooplankton",NA,"Pelagic_BL",NA,NA,8.57,-26.28,"Round-2022"
"6932","Pelagic","Zooplankton",NA,"Pelagic_BL",NA,NA,8.19,-25.84,"Round-2022"
"7051","Littoral","Amphipoda","amphipoda","Littoral_BL",NA,NA,6.44,-24.6,"Rush-2022"
"7052","Littoral","Amphipoda","amphipoda","Littoral_BL",NA,NA,5.7,-25.22,"Rush-2022"
"7053","Littoral","Amphipoda","amphipoda","Littoral_BL",NA,NA,3.36,-22.7,"Rush-2022"
"7054","Littoral","Amphipoda","amphipoda","Littoral_BL",NA,NA,5.18,-26.91,"Rush-2022"
"7055","Pelagic","Zooplankton",NA,"Pelagic_BL",NA,NA,6.8,-30.82,"Rush-2022"
"7056","Pelagic","Zooplankton",NA,"Pelagic_BL",NA,NA,8.01,-30.97,"Rush-2022"
"7057","Pelagic","Zooplankton",NA,"Pelagic_BL",NA,NA,7.83,-31.42,"Rush-2022"
"7058","Pelagic","Zooplankton",NA,"Pelagic_BL",NA,NA,7.71,-30.93,"Rush-2022"
"7059","Pelagic","Zooplankton",NA,"Pelagic_BL",NA,NA,6.02,-30.43,"Rush-2022"
"7060","Littoral","Bivalvia","dreisseniidae","Pelagic_BL",NA,NA,8.29,-30.34,"Rush-2022"
"7061","Littoral","Bivalvia","dreisseniidae","Pelagic_BL",NA,NA,8.33,-28.57,"Rush-2022"
"7062","Littoral","Bivalvia","dreisseniidae","Pelagic_BL",NA,NA,7.45,-26.41,"Rush-2022"
"7063","Pelagic","Zooplankton",NA,"Pelagic_BL",NA,NA,9.66,-29.11,"Rush-2022"
"7064","Pelagic","Zooplankton",NA,"Pelagic_BL",NA,NA,9.22,-29.92,"Rush-2022"
"7065","Pelagic","Zooplankton",NA,"Pelagic_BL",NA,NA,9.77,-29.96,"Rush-2022"
"7066","Pelagic","Zooplankton",NA,"Pelagic_BL",NA,NA,10.59,-29.1,"Rush-2022"
"7067","Pelagic","Zooplankton",NA,"Pelagic_BL",NA,NA,10.27,-29,"Rush-2022"
"7198","Littoral","Amphipoda","amphipoda","Littoral_BL",NA,NA,4.34,-21.37,"Shamineau-2021"
"7199","Littoral","Ephemeroptera","heptageniidae","Littoral_BL",NA,NA,2.84,-21.74,"Shamineau-2021"
"7200","Littoral","Amphipoda",NA,"Littoral_BL",NA,NA,3.1,-20.78,"Shamineau-2021"
"7201","Littoral","Ephemeroptera","heptageniidae","Littoral_BL",NA,NA,1.72,-19.56,"Shamineau-2021"
"7202","Littoral","Amphipoda",NA,"Littoral_BL",NA,NA,3.74,-19.5,"Shamineau-2021"
"7203","Littoral","Ephemeroptera","heptageniidae","Littoral_BL",NA,NA,1.86,-20.1,"Shamineau-2021"
"7204","Littoral","Amphipoda","amphipoda","Littoral_BL",NA,NA,4.07,-20.81,"Shamineau-2021"
"7205","Littoral","Ephemeroptera","heptageniidae","Littoral_BL",NA,NA,3.56,-20.25,"Shamineau-2021"
"7206","Littoral","Bivalvia","unionidae","Pelagic_BL",NA,NA,5.24,-26.23,"Shamineau-2021"
"7207","Littoral","Bivalvia","unionidae","Pelagic_BL",NA,NA,5.29,-26.03,"Shamineau-2021"
"7208","Littoral","Bivalvia","unionidae","Pelagic_BL",NA,NA,5.31,-25.75,"Shamineau-2021"
"7209","Littoral","Bivalvia","unionidae","Pelagic_BL",NA,NA,5.21,-26.52,"Shamineau-2021"
"7210","Littoral","Bivalvia","unionidae","Pelagic_BL",NA,NA,5.02,-25.74,"Shamineau-2021"
"7344","Littoral","Ephemeroptera","heptageniidae","Littoral_BL",NA,NA,1.74,-28.06,"Steamboat-2021"
"7345","Littoral","Amphipoda",NA,"Littoral_BL",NA,NA,2.48,-27.12,"Steamboat-2021"
"7346","Littoral","Amphipoda",NA,"Littoral_BL",NA,NA,3.13,-26.59,"Steamboat-2021"
"7347","Littoral","Ephemeroptera","heptageniidae","Littoral_BL",NA,NA,2.82,-27.27,"Steamboat-2021"
"7348","Littoral","Amphipoda",NA,"Littoral_BL",NA,NA,4.66,-27.56,"Steamboat-2021"
"7349","Littoral","Ephemeroptera","heptageniidae","Littoral_BL",NA,NA,2.49,-27.16,"Steamboat-2021"
"7350","Littoral","Amphipoda",NA,"Littoral_BL",NA,NA,4.13,-27.08,"Steamboat-2021"
"7351","Littoral","Ephemeroptera","heptageniidae","Littoral_BL",NA,NA,2.99,-25.68,"Steamboat-2021"
"7352","Littoral","Bivalvia","unionidae","Pelagic_BL",NA,NA,6.84,-33.16,"Steamboat-2021"
"7353","Littoral","Bivalvia","unionidae","Pelagic_BL",NA,NA,5.71,-32.83,"Steamboat-2021"
"7354","Littoral","Bivalvia","unionidae","Pelagic_BL",NA,NA,6.15,-32.57,"Steamboat-2021"
"7355","Littoral","Bivalvia","unionidae","Pelagic_BL",NA,NA,5.16,-32.8,"Steamboat-2021"
"7356","Littoral","Bivalvia","unionidae","Pelagic_BL",NA,NA,6.24,-32.8,"Steamboat-2021"
"7487","Littoral","Amphipoda","Amphipoda","Littoral_BL",NA,NA,4.405857117,-22.26194335,"Tenmile-2020"
"7488","Littoral","Amphipoda","Amphipoda","Littoral_BL",NA,NA,4.43525914,-22.62865726,"Tenmile-2020"
"7489","Littoral","Amphipoda","Amphipoda","Littoral_BL",NA,NA,4.328314679,-22.00869651,"Tenmile-2020"
"7490","Littoral","Ephemeroptera","Heptageniidae","Littoral_BL",NA,NA,5.583881126,-25.27734872,"Tenmile-2020"
"7491","Littoral","Ephemeroptera","Heptageniidae","Littoral_BL",NA,NA,5.598711497,-24.44115629,"Tenmile-2020"
"7492","Littoral","Ephemeroptera","Heptageniidae","Littoral_BL",NA,NA,4.871682188,-25.32315214,"Tenmile-2020"
"7493","Littoral","Ephemeroptera","Heptageniidae","Littoral_BL",NA,NA,5.182837277,-24.78603271,"Tenmile-2020"
"7494","Littoral","Ephemeroptera","Heptageniidae","Littoral_BL",NA,NA,5.515317611,-24.32537148,"Tenmile-2020"
"7495","Littoral","Ephemeroptera","Heptageniidae","Littoral_BL",NA,NA,4.482603174,-24.61726184,"Tenmile-2020"
"7496","Littoral","Amphipoda","Amphipoda","Littoral_BL",NA,NA,5.571500995,-22.20166876,"Tenmile-2020"
"7497","Littoral","Amphipoda","Amphipoda","Littoral_BL",NA,NA,5.420735996,-22.70965254,"Tenmile-2020"
"7498","Littoral","Amphipoda","Amphipoda","Littoral_BL",NA,NA,5.598538484,-22.79044914,"Tenmile-2020"
"7499","Littoral","Amphipoda","Amphipoda","Littoral_BL",NA,NA,5.898046546,-23.35960158,"Tenmile-2020"
"7500","Littoral","Amphipoda","Amphipoda","Littoral_BL",NA,NA,5.496855707,-22.39040749,"Tenmile-2020"
"7501","Littoral","Ephemeroptera","Heptageniidae","Littoral_BL",NA,NA,5.371726466,-26.21605632,"Tenmile-2020"
"7502","Littoral","Ephemeroptera","Heptageniidae","Littoral_BL",NA,NA,5.764334246,-25.28189457,"Tenmile-2020"
"7503","Littoral","Amphipoda","Amphipoda","Littoral_BL",NA,NA,6.196215147,-22.31726464,"Tenmile-2020"
"7504","Littoral","Amphipoda","Amphipoda","Littoral_BL",NA,NA,7.740468849,-23.46503722,"Tenmile-2020"
"7505","Littoral","Amphipoda","Amphipoda","Littoral_BL",NA,NA,6.783488689,-23.83874899,"Tenmile-2020"
"7506","Littoral","Ephemeroptera","Heptageniidae","Littoral_BL",NA,NA,4.525216901,-25.66475966,"Tenmile-2020"
"7507","Littoral","Ephemeroptera","Heptageniidae","Littoral_BL",NA,NA,4.715439335,-24.98269505,"Tenmile-2020"
"7508","Littoral","Ephemeroptera","Heptageniidae","Littoral_BL",NA,NA,4.543647106,-26.09371855,"Tenmile-2020"
"7509","Pelagic","Copepods & cladocerans",NA,"Pelagic_BL",NA,NA,9.695411056,-27.75329708,"Tenmile-2020"
"7510","Pelagic","Copepods & cladocerans",NA,"Pelagic_BL",NA,NA,9.529556208,-27.87682752,"Tenmile-2020"
"7511","Pelagic","Copepods & cladocerans",NA,"Pelagic_BL",NA,NA,8.882853796,-28.39883644,"Tenmile-2020"
"7670","Littoral","Amphipoda","Amphipoda","Littoral_BL",NA,NA,5.828393556,-17.76427429,"Washington-2020"
"7671","Littoral","Ephemeroptera","Heptageniidae","Littoral_BL",NA,NA,5.452833869,-19.2526677,"Washington-2020"
"7672","Littoral","Ephemeroptera","Ephemeridae","Littoral_BL",NA,NA,6.028418442,-20.47119536,"Washington-2020"
"7673","Littoral","Ephemeroptera","Heptageniidae","Littoral_BL",NA,NA,6.212252228,-20.36164202,"Washington-2020"
"7674","Littoral","Ephemeroptera","Ephemeridae","Littoral_BL",NA,NA,5.973272131,-22.24707676,"Washington-2020"
"7675","Littoral","Amphipoda","Amphipoda","Littoral_BL",NA,NA,6.743968507,-18.68633536,"Washington-2020"
"7676","Littoral","Amphipoda","Amphipoda","Littoral_BL",NA,NA,6.018270363,-19.0740765,"Washington-2020"
"7677","Littoral","Amphipoda","Amphipoda","Littoral_BL",NA,NA,6.696986466,-20.31385986,"Washington-2020"
"7678","Littoral","Ephemeroptera","Heptageniidae","Littoral_BL",NA,NA,5.483060946,-23.56885275,"Washington-2020"
"7679","Littoral","Ephemeroptera","Heptageniidae","Littoral_BL",NA,NA,5.753391167,-19.88976169,"Washington-2020"
"7680","Littoral","Ephemeroptera","Heptageniidae","Littoral_BL",NA,NA,4.834955138,-21.23265703,"Washington-2020"
"7681","Littoral","Ephemeroptera","Heptageniidae","Littoral_BL",NA,NA,4.866132135,-20.54349203,"Washington-2020"
"7682","Littoral","Amphipoda","Amphipoda","Littoral_BL",NA,NA,6.606057895,-21.22390461,"Washington-2020"
"7683","Littoral","Amphipoda","Amphipoda","Littoral_BL",NA,NA,5.972995121,-19.85963662,"Washington-2020"
"7684","Littoral","Unionidae","Lampsilis","Pelagic_BL",NA,NA,9.999381006,-24.04730651,"Washington-2020"
"7685","Littoral","Unionidae","Pyganodon","Pelagic_BL",NA,NA,9.715371007,-24.73021869,"Washington-2020"
"7686","Littoral","Unionidae","Lampsilis","Pelagic_BL",NA,NA,9.561550787,-22.72570966,"Washington-2020"
"7687","Littoral","Unionidae","Pyganodon","Pelagic_BL",NA,NA,9.722792927,-24.94627454,"Washington-2020"
"7688","Littoral","Unionidae","Pyganodon","Pelagic_BL",NA,NA,10.61104209,-23.73222623,"Washington-2020"
"7689","Littoral","Dreissena","polymorpha","Pelagic_BL",NA,NA,8.376371005,-26.33239189,"Washington-2020"
"7690","Pelagic","Copepods & cladocerans",NA,"Pelagic_BL",NA,NA,8.81787723,-23.38482273,"Washington-2020"
"7691","Pelagic","Copepods & cladocerans",NA,"Pelagic_BL",NA,NA,8.543340403,-24.18539389,"Washington-2020"
