"","group","consumer","median","alpha.median","littoral_reliance","Community","lake_name","lake_id","nhdhr_id","site_id","state","NLDAS2021","lon","lat","IceOff","clarity.z","lakeperimeter.z","mean_gdd_0c.z","secchi.z","lakeshorelinefactor.z","elevation.z","depth.z","lakearea.z","total.dev.z","total.ag.z","total.for.z"
"1","Alexander-2021","NOP",4.09031349522571,0.919451433314526,0.0805485666854744,"Alexander-2021","Alexander",49007900,"nhdhr_120018316","nhdhr_120018316","MN",24.8432299399461,-94.5218822773,46.2031456804,2011-10-07,-0.559532124644053,0.681737279790684,-0.198174963985822,0.829249595594682,0.304070703443206,0.202586565861781,1.42348242211091,2.55511029397068,0.156972016002467,-0.42617751567126,0.767721264545974
"2","Alexander-2021","SMB",4.17030633973865,0.90986395378605,0.09013604621395,"Alexander-2021","Alexander",49007900,"nhdhr_120018316","nhdhr_120018316","MN",24.8432299399461,-94.5218822773,46.2031456804,2011-10-07,-0.559532124644053,0.681737279790684,-0.198174963985822,0.829249595594682,0.304070703443206,0.202586565861781,1.42348242211091,2.55511029397068,0.156972016002467,-0.42617751567126,0.767721264545974
"3","Alexander-2021","BLC",4.05504463141666,0.955245426244634,0.0447545737553656,"Alexander-2021","Alexander",49007900,"nhdhr_120018316","nhdhr_120018316","MN",24.8432299399461,-94.5218822773,46.2031456804,2011-10-07,-0.559532124644053,0.681737279790684,-0.198174963985822,0.829249595594682,0.304070703443206,0.202586565861781,1.42348242211091,2.55511029397068,0.156972016002467,-0.42617751567126,0.767721264545974
"4","Alexander-2021","BLG",3.87863920485552,0.886308192954937,0.113691807045063,"Alexander-2021","Alexander",49007900,"nhdhr_120018316","nhdhr_120018316","MN",24.8432299399461,-94.5218822773,46.2031456804,2011-10-07,-0.559532124644053,0.681737279790684,-0.198174963985822,0.829249595594682,0.304070703443206,0.202586565861781,1.42348242211091,2.55511029397068,0.156972016002467,-0.42617751567126,0.767721264545974
"5","Alexander-2021","CIS",3.91195734063941,0.68868961922599,0.31131038077401,"Alexander-2021","Alexander",49007900,"nhdhr_120018316","nhdhr_120018316","MN",24.8432299399461,-94.5218822773,46.2031456804,2011-10-07,-0.559532124644053,0.681737279790684,-0.198174963985822,0.829249595594682,0.304070703443206,0.202586565861781,1.42348242211091,2.55511029397068,0.156972016002467,-0.42617751567126,0.767721264545974
"6","Alexander-2021","WAE",4.21543941710694,0.946630507423946,0.0533694925760538,"Alexander-2021","Alexander",49007900,"nhdhr_120018316","nhdhr_120018316","MN",24.8432299399461,-94.5218822773,46.2031456804,2011-10-07,-0.559532124644053,0.681737279790684,-0.198174963985822,0.829249595594682,0.304070703443206,0.202586565861781,1.42348242211091,2.55511029397068,0.156972016002467,-0.42617751567126,0.767721264545974
"7","Alexander-2021","YEP",3.78660756915988,0.973480594019871,0.026519405980129,"Alexander-2021","Alexander",49007900,"nhdhr_120018316","nhdhr_120018316","MN",24.8432299399461,-94.5218822773,46.2031456804,2011-10-07,-0.559532124644053,0.681737279790684,-0.198174963985822,0.829249595594682,0.304070703443206,0.202586565861781,1.42348242211091,2.55511029397068,0.156972016002467,-0.42617751567126,0.767721264545974
"8","Alexander-2021","WTS",3.2965287125821,0.740106336718897,0.259893663281103,"Alexander-2021","Alexander",49007900,"nhdhr_120018316","nhdhr_120018316","MN",24.8432299399461,-94.5218822773,46.2031456804,2011-10-07,-0.559532124644053,0.681737279790684,-0.198174963985822,0.829249595594682,0.304070703443206,0.202586565861781,1.42348242211091,2.55511029397068,0.156972016002467,-0.42617751567126,0.767721264545974
"9","Alexander-2021","LMB",4.33419008624354,0.941149726737715,0.0588502732622846,"Alexander-2021","Alexander",49007900,"nhdhr_120018316","nhdhr_120018316","MN",24.8432299399461,-94.5218822773,46.2031456804,2011-10-07,-0.559532124644053,0.681737279790684,-0.198174963985822,0.829249595594682,0.304070703443206,0.202586565861781,1.42348242211091,2.55511029397068,0.156972016002467,-0.42617751567126,0.767721264545974
"10","Alexander-2021","WAE_Y",3.87210923306985,0.724064987514733,0.275935012485267,"Alexander-2021","Alexander",49007900,"nhdhr_120018316","nhdhr_120018316","MN",24.8432299399461,-94.5218822773,46.2031456804,2011-10-07,-0.559532124644053,0.681737279790684,-0.198174963985822,0.829249595594682,0.304070703443206,0.202586565861781,1.42348242211091,2.55511029397068,0.156972016002467,-0.42617751567126,0.767721264545974
"11","Alexander-2021","LMB_Y",3.64587290776528,0.637714872681879,0.362285127318121,"Alexander-2021","Alexander",49007900,"nhdhr_120018316","nhdhr_120018316","MN",24.8432299399461,-94.5218822773,46.2031456804,2011-10-07,-0.559532124644053,0.681737279790684,-0.198174963985822,0.829249595594682,0.304070703443206,0.202586565861781,1.42348242211091,2.55511029397068,0.156972016002467,-0.42617751567126,0.767721264545974
"12","Alexander-2021","BLC_Y",3.60843959612216,0.840533971732954,0.159466028267046,"Alexander-2021","Alexander",49007900,"nhdhr_120018316","nhdhr_120018316","MN",24.8432299399461,-94.5218822773,46.2031456804,2011-10-07,-0.559532124644053,0.681737279790684,-0.198174963985822,0.829249595594682,0.304070703443206,0.202586565861781,1.42348242211091,2.55511029397068,0.156972016002467,-0.42617751567126,0.767721264545974
"13","Alexander-2021","SMB_Y",3.48853316347206,0.579023333856425,0.420976666143575,"Alexander-2021","Alexander",49007900,"nhdhr_120018316","nhdhr_120018316","MN",24.8432299399461,-94.5218822773,46.2031456804,2011-10-07,-0.559532124644053,0.681737279790684,-0.198174963985822,0.829249595594682,0.304070703443206,0.202586565861781,1.42348242211091,2.55511029397068,0.156972016002467,-0.42617751567126,0.767721264545974
"14","Alexander-2021","BNM",3.41460336619459,0.78842560402546,0.21157439597454,"Alexander-2021","Alexander",49007900,"nhdhr_120018316","nhdhr_120018316","MN",24.8432299399461,-94.5218822773,46.2031456804,2011-10-07,-0.559532124644053,0.681737279790684,-0.198174963985822,0.829249595594682,0.304070703443206,0.202586565861781,1.42348242211091,2.55511029397068,0.156972016002467,-0.42617751567126,0.767721264545974
"15","Alexander-2021","BKF",4.74143025522078,0.474597808644096,0.525402191355904,"Alexander-2021","Alexander",49007900,"nhdhr_120018316","nhdhr_120018316","MN",24.8432299399461,-94.5218822773,46.2031456804,2011-10-07,-0.559532124644053,0.681737279790684,-0.198174963985822,0.829249595594682,0.304070703443206,0.202586565861781,1.42348242211091,2.55511029397068,0.156972016002467,-0.42617751567126,0.767721264545974
"16","Alexander-2021","JND",3.11656593647191,0.222807040934102,0.777192959065898,"Alexander-2021","Alexander",49007900,"nhdhr_120018316","nhdhr_120018316","MN",24.8432299399461,-94.5218822773,46.2031456804,2011-10-07,-0.559532124644053,0.681737279790684,-0.198174963985822,0.829249595594682,0.304070703443206,0.202586565861781,1.42348242211091,2.55511029397068,0.156972016002467,-0.42617751567126,0.767721264545974
"17","Alexander-2021","SPO",3.27645124216102,0.758941352561586,0.241058647438414,"Alexander-2021","Alexander",49007900,"nhdhr_120018316","nhdhr_120018316","MN",24.8432299399461,-94.5218822773,46.2031456804,2011-10-07,-0.559532124644053,0.681737279790684,-0.198174963985822,0.829249595594682,0.304070703443206,0.202586565861781,1.42348242211091,2.55511029397068,0.156972016002467,-0.42617751567126,0.767721264545974
"18","Alexander-2021","BLG_Y",3.34635302879682,0.790399729761901,0.209600270238099,"Alexander-2021","Alexander",49007900,"nhdhr_120018316","nhdhr_120018316","MN",24.8432299399461,-94.5218822773,46.2031456804,2011-10-07,-0.559532124644053,0.681737279790684,-0.198174963985822,0.829249595594682,0.304070703443206,0.202586565861781,1.42348242211091,2.55511029397068,0.156972016002467,-0.42617751567126,0.767721264545974
"19","Alexander-2021","YEP_Y",3.510560557347,0.965506680502224,0.0344933194977759,"Alexander-2021","Alexander",49007900,"nhdhr_120018316","nhdhr_120018316","MN",24.8432299399461,-94.5218822773,46.2031456804,2011-10-07,-0.559532124644053,0.681737279790684,-0.198174963985822,0.829249595594682,0.304070703443206,0.202586565861781,1.42348242211091,2.55511029397068,0.156972016002467,-0.42617751567126,0.767721264545974
"20","Belle-2020","WAE",2.90081136339831,0.898734204581218,0.101265795418782,"Belle-2020","Belle",47004901,"nhdhr_120018220","nhdhr_120018220","MN",27.0178659446469,-94.4268660005,44.9815421542,2011-09-27,0.265225905514481,0.142891174976737,0.645181726749,-0.909087652955534,-0.353917847312917,-0.38771264715039,0.06059448498397,1.75648519578412,0.256856427892642,1.34505247088176,-0.787301659044521
"21","Belle-2020","YEP_Y",2.34857681854333,0.9662937379647,0.0337062620353,"Belle-2020","Belle",47004901,"nhdhr_120018220","nhdhr_120018220","MN",27.0178659446469,-94.4268660005,44.9815421542,2011-09-27,0.265225905514481,0.142891174976737,0.645181726749,-0.909087652955534,-0.353917847312917,-0.38771264715039,0.06059448498397,1.75648519578412,0.256856427892642,1.34505247088176,-0.787301659044521
"22","Belle-2020","BLC",2.80849939869519,0.911734645600931,0.0882653543990692,"Belle-2020","Belle",47004901,"nhdhr_120018220","nhdhr_120018220","MN",27.0178659446469,-94.4268660005,44.9815421542,2011-09-27,0.265225905514481,0.142891174976737,0.645181726749,-0.909087652955534,-0.353917847312917,-0.38771264715039,0.06059448498397,1.75648519578412,0.256856427892642,1.34505247088176,-0.787301659044521
"23","Belle-2020","BLG",2.38571336518964,0.922105651903297,0.0778943480967034,"Belle-2020","Belle",47004901,"nhdhr_120018220","nhdhr_120018220","MN",27.0178659446469,-94.4268660005,44.9815421542,2011-09-27,0.265225905514481,0.142891174976737,0.645181726749,-0.909087652955534,-0.353917847312917,-0.38771264715039,0.06059448498397,1.75648519578412,0.256856427892642,1.34505247088176,-0.787301659044521
"24","Belle-2020","NOP",3.08297678531448,0.68682431322439,0.31317568677561,"Belle-2020","Belle",47004901,"nhdhr_120018220","nhdhr_120018220","MN",27.0178659446469,-94.4268660005,44.9815421542,2011-09-27,0.265225905514481,0.142891174976737,0.645181726749,-0.909087652955534,-0.353917847312917,-0.38771264715039,0.06059448498397,1.75648519578412,0.256856427892642,1.34505247088176,-0.787301659044521
"25","Belle-2020","YEP",2.3938314593897,0.952155620482238,0.0478443795177615,"Belle-2020","Belle",47004901,"nhdhr_120018220","nhdhr_120018220","MN",27.0178659446469,-94.4268660005,44.9815421542,2011-09-27,0.265225905514481,0.142891174976737,0.645181726749,-0.909087652955534,-0.353917847312917,-0.38771264715039,0.06059448498397,1.75648519578412,0.256856427892642,1.34505247088176,-0.787301659044521
"26","Belle-2020","WAE_Y",3.04121316612576,0.786420451632285,0.213579548367715,"Belle-2020","Belle",47004901,"nhdhr_120018220","nhdhr_120018220","MN",27.0178659446469,-94.4268660005,44.9815421542,2011-09-27,0.265225905514481,0.142891174976737,0.645181726749,-0.909087652955534,-0.353917847312917,-0.38771264715039,0.06059448498397,1.75648519578412,0.256856427892642,1.34505247088176,-0.787301659044521
"27","Belle-2020","PMK",2.91013009950041,0.473982796529367,0.526017203470633,"Belle-2020","Belle",47004901,"nhdhr_120018220","nhdhr_120018220","MN",27.0178659446469,-94.4268660005,44.9815421542,2011-09-27,0.265225905514481,0.142891174976737,0.645181726749,-0.909087652955534,-0.353917847312917,-0.38771264715039,0.06059448498397,1.75648519578412,0.256856427892642,1.34505247088176,-0.787301659044521
"28","Belle-2020","SPO",2.21964851781075,0.952999313609201,0.047000686390799,"Belle-2020","Belle",47004901,"nhdhr_120018220","nhdhr_120018220","MN",27.0178659446469,-94.4268660005,44.9815421542,2011-09-27,0.265225905514481,0.142891174976737,0.645181726749,-0.909087652955534,-0.353917847312917,-0.38771264715039,0.06059448498397,1.75648519578412,0.256856427892642,1.34505247088176,-0.787301659044521
"29","Belle-2020","LMB_Y",3.11253821674536,0.114092060275704,0.885907939724296,"Belle-2020","Belle",47004901,"nhdhr_120018220","nhdhr_120018220","MN",27.0178659446469,-94.4268660005,44.9815421542,2011-09-27,0.265225905514481,0.142891174976737,0.645181726749,-0.909087652955534,-0.353917847312917,-0.38771264715039,0.06059448498397,1.75648519578412,0.256856427892642,1.34505247088176,-0.787301659044521
"30","Belle-2020","LMB",2.9152326760142,0.911245890700619,0.0887541092993809,"Belle-2020","Belle",47004901,"nhdhr_120018220","nhdhr_120018220","MN",27.0178659446469,-94.4268660005,44.9815421542,2011-09-27,0.265225905514481,0.142891174976737,0.645181726749,-0.909087652955534,-0.353917847312917,-0.38771264715039,0.06059448498397,1.75648519578412,0.256856427892642,1.34505247088176,-0.787301659044521
"31","Belle-2020","GSF",2.81262620009373,0.619645781775252,0.380354218224748,"Belle-2020","Belle",47004901,"nhdhr_120018220","nhdhr_120018220","MN",27.0178659446469,-94.4268660005,44.9815421542,2011-09-27,0.265225905514481,0.142891174976737,0.645181726749,-0.909087652955534,-0.353917847312917,-0.38771264715039,0.06059448498397,1.75648519578412,0.256856427892642,1.34505247088176,-0.787301659044521
"32","Big Cormorant-2019","WAE",4.4322405673976,0.513881440276281,0.486118559723719,"Big Cormorant-2019","Big Cormorant",3057600,"nhdhr_86274959","nhdhr_86274959","MN",24.8883152038978,-96.0582369122,46.7672395603,2011-10-12,-0.726167679724079,0.742849400225429,-0.225964816410762,1.87997362387061,0.129253806683192,0.434661776098039,1.58309724510206,2.76294421448415,0.807107524637678,0.786562110125216,-0.0605887036433195
"33","Big Cormorant-2019","SMB",4.4082016718051,0.439569028362051,0.560430971637949,"Big Cormorant-2019","Big Cormorant",3057600,"nhdhr_86274959","nhdhr_86274959","MN",24.8883152038978,-96.0582369122,46.7672395603,2011-10-12,-0.726167679724079,0.742849400225429,-0.225964816410762,1.87997362387061,0.129253806683192,0.434661776098039,1.58309724510206,2.76294421448415,0.807107524637678,0.786562110125216,-0.0605887036433195
"34","Big Cormorant-2019","BLG",3.80176835365186,0.156915488512334,0.843084511487666,"Big Cormorant-2019","Big Cormorant",3057600,"nhdhr_86274959","nhdhr_86274959","MN",24.8883152038978,-96.0582369122,46.7672395603,2011-10-12,-0.726167679724079,0.742849400225429,-0.225964816410762,1.87997362387061,0.129253806683192,0.434661776098039,1.58309724510206,2.76294421448415,0.807107524637678,0.786562110125216,-0.0605887036433195
"35","Big Cormorant-2019","YEP",3.93021759026613,0.339596539823094,0.660403460176906,"Big Cormorant-2019","Big Cormorant",3057600,"nhdhr_86274959","nhdhr_86274959","MN",24.8883152038978,-96.0582369122,46.7672395603,2011-10-12,-0.726167679724079,0.742849400225429,-0.225964816410762,1.87997362387061,0.129253806683192,0.434661776098039,1.58309724510206,2.76294421448415,0.807107524637678,0.786562110125216,-0.0605887036433195
"36","Big Cormorant-2019","BLC",4.12508272593526,0.472337224384573,0.527662775615427,"Big Cormorant-2019","Big Cormorant",3057600,"nhdhr_86274959","nhdhr_86274959","MN",24.8883152038978,-96.0582369122,46.7672395603,2011-10-12,-0.726167679724079,0.742849400225429,-0.225964816410762,1.87997362387061,0.129253806683192,0.434661776098039,1.58309724510206,2.76294421448415,0.807107524637678,0.786562110125216,-0.0605887036433195
"37","Big Cormorant-2019","LMB",4.4333455593789,0.327771820272394,0.672228179727606,"Big Cormorant-2019","Big Cormorant",3057600,"nhdhr_86274959","nhdhr_86274959","MN",24.8883152038978,-96.0582369122,46.7672395603,2011-10-12,-0.726167679724079,0.742849400225429,-0.225964816410762,1.87997362387061,0.129253806683192,0.434661776098039,1.58309724510206,2.76294421448415,0.807107524637678,0.786562110125216,-0.0605887036433195
"38","Big Cormorant-2019","YEP_Y",3.30604800513535,0.0982281810577894,0.901771818942211,"Big Cormorant-2019","Big Cormorant",3057600,"nhdhr_86274959","nhdhr_86274959","MN",24.8883152038978,-96.0582369122,46.7672395603,2011-10-12,-0.726167679724079,0.742849400225429,-0.225964816410762,1.87997362387061,0.129253806683192,0.434661776098039,1.58309724510206,2.76294421448415,0.807107524637678,0.786562110125216,-0.0605887036433195
"39","Big Cormorant-2019","SMB_Y",3.1287839474628,0.124632128963981,0.875367871036019,"Big Cormorant-2019","Big Cormorant",3057600,"nhdhr_86274959","nhdhr_86274959","MN",24.8883152038978,-96.0582369122,46.7672395603,2011-10-12,-0.726167679724079,0.742849400225429,-0.225964816410762,1.87997362387061,0.129253806683192,0.434661776098039,1.58309724510206,2.76294421448415,0.807107524637678,0.786562110125216,-0.0605887036433195
"40","Big Cormorant-2019","MMS",3.33298388387904,0.404601044387878,0.595398955612122,"Big Cormorant-2019","Big Cormorant",3057600,"nhdhr_86274959","nhdhr_86274959","MN",24.8883152038978,-96.0582369122,46.7672395603,2011-10-12,-0.726167679724079,0.742849400225429,-0.225964816410762,1.87997362387061,0.129253806683192,0.434661776098039,1.58309724510206,2.76294421448415,0.807107524637678,0.786562110125216,-0.0605887036433195
"41","Big Cormorant-2019","LGP",3.42650395464598,0.0433892951169583,0.956610704883042,"Big Cormorant-2019","Big Cormorant",3057600,"nhdhr_86274959","nhdhr_86274959","MN",24.8883152038978,-96.0582369122,46.7672395603,2011-10-12,-0.726167679724079,0.742849400225429,-0.225964816410762,1.87997362387061,0.129253806683192,0.434661776098039,1.58309724510206,2.76294421448415,0.807107524637678,0.786562110125216,-0.0605887036433195
"42","Big Cormorant-2019","LMB_Y",3.47519257908547,0.238736244834784,0.761263755165216,"Big Cormorant-2019","Big Cormorant",3057600,"nhdhr_86274959","nhdhr_86274959","MN",24.8883152038978,-96.0582369122,46.7672395603,2011-10-12,-0.726167679724079,0.742849400225429,-0.225964816410762,1.87997362387061,0.129253806683192,0.434661776098039,1.58309724510206,2.76294421448415,0.807107524637678,0.786562110125216,-0.0605887036433195
"43","Big Cormorant-2019","WAE_Y",4.83819547399104,0.467782487728098,0.532217512271902,"Big Cormorant-2019","Big Cormorant",3057600,"nhdhr_86274959","nhdhr_86274959","MN",24.8883152038978,-96.0582369122,46.7672395603,2011-10-12,-0.726167679724079,0.742849400225429,-0.225964816410762,1.87997362387061,0.129253806683192,0.434661776098039,1.58309724510206,2.76294421448415,0.807107524637678,0.786562110125216,-0.0605887036433195
"44","Big Sand-2020","NOP",3.90116368753783,0.518797828801218,0.481202171198782,"Big Sand-2020","Big Sand",29018500,"nhdhr_120020750","nhdhr_120020750","MN",23.4454256771961,-94.9655046244,47.0013783772,2011-10-17,-0.7931486381386,0.259820796877652,-0.80131380197312,2.5313632623647,-0.410546834081184,0.64844037000025,2.30480603966377,2.19735827755635,0.207319042632154,0.0909489288299256,0.682720769614645
"45","Big Sand-2020","YEP",3.66704757120792,0.616397786064064,0.383602213935936,"Big Sand-2020","Big Sand",29018500,"nhdhr_120020750","nhdhr_120020750","MN",23.4454256771961,-94.9655046244,47.0013783772,2011-10-17,-0.7931486381386,0.259820796877652,-0.80131380197312,2.5313632623647,-0.410546834081184,0.64844037000025,2.30480603966377,2.19735827755635,0.207319042632154,0.0909489288299256,0.682720769614645
"46","Big Sand-2020","WAE",3.997941518643,0.630399328645013,0.369600671354987,"Big Sand-2020","Big Sand",29018500,"nhdhr_120020750","nhdhr_120020750","MN",23.4454256771961,-94.9655046244,47.0013783772,2011-10-17,-0.7931486381386,0.259820796877652,-0.80131380197312,2.5313632623647,-0.410546834081184,0.64844037000025,2.30480603966377,2.19735827755635,0.207319042632154,0.0909489288299256,0.682720769614645
"47","Big Sand-2020","LMB",3.4527238949049,0.539844810754584,0.460155189245416,"Big Sand-2020","Big Sand",29018500,"nhdhr_120020750","nhdhr_120020750","MN",23.4454256771961,-94.9655046244,47.0013783772,2011-10-17,-0.7931486381386,0.259820796877652,-0.80131380197312,2.5313632623647,-0.410546834081184,0.64844037000025,2.30480603966377,2.19735827755635,0.207319042632154,0.0909489288299256,0.682720769614645
"48","Big Sand-2020","BLG",3.48462838950534,0.262367441976369,0.737632558023631,"Big Sand-2020","Big Sand",29018500,"nhdhr_120020750","nhdhr_120020750","MN",23.4454256771961,-94.9655046244,47.0013783772,2011-10-17,-0.7931486381386,0.259820796877652,-0.80131380197312,2.5313632623647,-0.410546834081184,0.64844037000025,2.30480603966377,2.19735827755635,0.207319042632154,0.0909489288299256,0.682720769614645
"49","Big Sand-2020","CIS",3.05089653091942,0.956457550931021,0.043542449068979,"Big Sand-2020","Big Sand",29018500,"nhdhr_120020750","nhdhr_120020750","MN",23.4454256771961,-94.9655046244,47.0013783772,2011-10-17,-0.7931486381386,0.259820796877652,-0.80131380197312,2.5313632623647,-0.410546834081184,0.64844037000025,2.30480603966377,2.19735827755635,0.207319042632154,0.0909489288299256,0.682720769614645
"50","Big Sand-2020","SMB",3.95116002333008,0.382485382818812,0.617514617181188,"Big Sand-2020","Big Sand",29018500,"nhdhr_120020750","nhdhr_120020750","MN",23.4454256771961,-94.9655046244,47.0013783772,2011-10-17,-0.7931486381386,0.259820796877652,-0.80131380197312,2.5313632623647,-0.410546834081184,0.64844037000025,2.30480603966377,2.19735827755635,0.207319042632154,0.0909489288299256,0.682720769614645
"51","Big Sand-2020","BLC",3.10413334527655,0.778028106451025,0.221971893548975,"Big Sand-2020","Big Sand",29018500,"nhdhr_120020750","nhdhr_120020750","MN",23.4454256771961,-94.9655046244,47.0013783772,2011-10-17,-0.7931486381386,0.259820796877652,-0.80131380197312,2.5313632623647,-0.410546834081184,0.64844037000025,2.30480603966377,2.19735827755635,0.207319042632154,0.0909489288299256,0.682720769614645
"52","Big Sand-2020","WAE_Y",3.64390754341879,0.558284949323257,0.441715050676743,"Big Sand-2020","Big Sand",29018500,"nhdhr_120020750","nhdhr_120020750","MN",23.4454256771961,-94.9655046244,47.0013783772,2011-10-17,-0.7931486381386,0.259820796877652,-0.80131380197312,2.5313632623647,-0.410546834081184,0.64844037000025,2.30480603966377,2.19735827755635,0.207319042632154,0.0909489288299256,0.682720769614645
"53","Big Sand-2020","MMS",2.74999909947967,0.650823260613374,0.349176739386626,"Big Sand-2020","Big Sand",29018500,"nhdhr_120020750","nhdhr_120020750","MN",23.4454256771961,-94.9655046244,47.0013783772,2011-10-17,-0.7931486381386,0.259820796877652,-0.80131380197312,2.5313632623647,-0.410546834081184,0.64844037000025,2.30480603966377,2.19735827755635,0.207319042632154,0.0909489288299256,0.682720769614645
"54","Big Sand-2020","BNM",2.94078152669931,0.380326842015414,0.619673157984586,"Big Sand-2020","Big Sand",29018500,"nhdhr_120020750","nhdhr_120020750","MN",23.4454256771961,-94.9655046244,47.0013783772,2011-10-17,-0.7931486381386,0.259820796877652,-0.80131380197312,2.5313632623647,-0.410546834081184,0.64844037000025,2.30480603966377,2.19735827755635,0.207319042632154,0.0909489288299256,0.682720769614645
"55","Big Sand-2020","BNS",2.70615315626903,0.611649149823537,0.388350850176463,"Big Sand-2020","Big Sand",29018500,"nhdhr_120020750","nhdhr_120020750","MN",23.4454256771961,-94.9655046244,47.0013783772,2011-10-17,-0.7931486381386,0.259820796877652,-0.80131380197312,2.5313632623647,-0.410546834081184,0.64844037000025,2.30480603966377,2.19735827755635,0.207319042632154,0.0909489288299256,0.682720769614645
"56","Big Sand-2020","YEP_Y",2.82724316964425,0.876395732193091,0.123604267806909,"Big Sand-2020","Big Sand",29018500,"nhdhr_120020750","nhdhr_120020750","MN",23.4454256771961,-94.9655046244,47.0013783772,2011-10-17,-0.7931486381386,0.259820796877652,-0.80131380197312,2.5313632623647,-0.410546834081184,0.64844037000025,2.30480603966377,2.19735827755635,0.207319042632154,0.0909489288299256,0.682720769614645
"57","Big Sandy-2021","BLG",2.40206729410986,0.676267808940104,0.323732191059896,"Big Sandy-2021","Big Sandy",1006200,"nhdhr_120020983","nhdhr_120020983","MN",24.9826739042723,-93.272579896,46.7435890073,2011-10-09,0.403460528884036,2.73866442891957,-0.284505165898071,-1.02803749210167,2.85238441812374,0.0215485120575294,1.67557465242974,3.1855262031786,-0.598292178943535,-0.128764932814178,-0.0550215764265033
"58","Big Sandy-2021","BLC",3.00175159202544,0.730613854648696,0.269386145351304,"Big Sandy-2021","Big Sandy",1006200,"nhdhr_120020983","nhdhr_120020983","MN",24.9826739042723,-93.272579896,46.7435890073,2011-10-09,0.403460528884036,2.73866442891957,-0.284505165898071,-1.02803749210167,2.85238441812374,0.0215485120575294,1.67557465242974,3.1855262031786,-0.598292178943535,-0.128764932814178,-0.0550215764265033
"59","Big Sandy-2021","WAE",3.29804561370145,0.704888174051908,0.295111825948092,"Big Sandy-2021","Big Sandy",1006200,"nhdhr_120020983","nhdhr_120020983","MN",24.9826739042723,-93.272579896,46.7435890073,2011-10-09,0.403460528884036,2.73866442891957,-0.284505165898071,-1.02803749210167,2.85238441812374,0.0215485120575294,1.67557465242974,3.1855262031786,-0.598292178943535,-0.128764932814178,-0.0550215764265033
"60","Big Sandy-2021","YEP",2.74331869355629,0.667718122307647,0.332281877692353,"Big Sandy-2021","Big Sandy",1006200,"nhdhr_120020983","nhdhr_120020983","MN",24.9826739042723,-93.272579896,46.7435890073,2011-10-09,0.403460528884036,2.73866442891957,-0.284505165898071,-1.02803749210167,2.85238441812374,0.0215485120575294,1.67557465242974,3.1855262031786,-0.598292178943535,-0.128764932814178,-0.0550215764265033
"61","Big Sandy-2021","NOP",3.33425485565294,0.653907238582616,0.346092761417384,"Big Sandy-2021","Big Sandy",1006200,"nhdhr_120020983","nhdhr_120020983","MN",24.9826739042723,-93.272579896,46.7435890073,2011-10-09,0.403460528884036,2.73866442891957,-0.284505165898071,-1.02803749210167,2.85238441812374,0.0215485120575294,1.67557465242974,3.1855262031786,-0.598292178943535,-0.128764932814178,-0.0550215764265033
"62","Big Sandy-2021","SMB",4.68714807172224,0.513816536892854,0.486183463107146,"Big Sandy-2021","Big Sandy",1006200,"nhdhr_120020983","nhdhr_120020983","MN",24.9826739042723,-93.272579896,46.7435890073,2011-10-09,0.403460528884036,2.73866442891957,-0.284505165898071,-1.02803749210167,2.85238441812374,0.0215485120575294,1.67557465242974,3.1855262031786,-0.598292178943535,-0.128764932814178,-0.0550215764265033
"63","Big Sandy-2021","TRP",2.92919728401786,0.691488594720088,0.308511405279912,"Big Sandy-2021","Big Sandy",1006200,"nhdhr_120020983","nhdhr_120020983","MN",24.9826739042723,-93.272579896,46.7435890073,2011-10-09,0.403460528884036,2.73866442891957,-0.284505165898071,-1.02803749210167,2.85238441812374,0.0215485120575294,1.67557465242974,3.1855262031786,-0.598292178943535,-0.128764932814178,-0.0550215764265033
"64","Big Sandy-2021","JND",3.12094480651662,0.331977686975967,0.668022313024033,"Big Sandy-2021","Big Sandy",1006200,"nhdhr_120020983","nhdhr_120020983","MN",24.9826739042723,-93.272579896,46.7435890073,2011-10-09,0.403460528884036,2.73866442891957,-0.284505165898071,-1.02803749210167,2.85238441812374,0.0215485120575294,1.67557465242974,3.1855262031786,-0.598292178943535,-0.128764932814178,-0.0550215764265033
"65","Big Sandy-2021","NOP_Y",2.94385875413844,0.665138762136323,0.334861237863677,"Big Sandy-2021","Big Sandy",1006200,"nhdhr_120020983","nhdhr_120020983","MN",24.9826739042723,-93.272579896,46.7435890073,2011-10-09,0.403460528884036,2.73866442891957,-0.284505165898071,-1.02803749210167,2.85238441812374,0.0215485120575294,1.67557465242974,3.1855262031786,-0.598292178943535,-0.128764932814178,-0.0550215764265033
"66","Big Sandy-2021","BLG_Y",4.63997650594343,0.537371761858513,0.462628238141487,"Big Sandy-2021","Big Sandy",1006200,"nhdhr_120020983","nhdhr_120020983","MN",24.9826739042723,-93.272579896,46.7435890073,2011-10-09,0.403460528884036,2.73866442891957,-0.284505165898071,-1.02803749210167,2.85238441812374,0.0215485120575294,1.67557465242974,3.1855262031786,-0.598292178943535,-0.128764932814178,-0.0550215764265033
"67","Big Sandy-2021","SPO",4.5323087280953,0.535606320340846,0.464393679659154,"Big Sandy-2021","Big Sandy",1006200,"nhdhr_120020983","nhdhr_120020983","MN",24.9826739042723,-93.272579896,46.7435890073,2011-10-09,0.403460528884036,2.73866442891957,-0.284505165898071,-1.02803749210167,2.85238441812374,0.0215485120575294,1.67557465242974,3.1855262031786,-0.598292178943535,-0.128764932814178,-0.0550215764265033
"68","Big Sandy-2021","LGP",2.9325211048396,0.181913493054891,0.818086506945109,"Big Sandy-2021","Big Sandy",1006200,"nhdhr_120020983","nhdhr_120020983","MN",24.9826739042723,-93.272579896,46.7435890073,2011-10-09,0.403460528884036,2.73866442891957,-0.284505165898071,-1.02803749210167,2.85238441812374,0.0215485120575294,1.67557465242974,3.1855262031786,-0.598292178943535,-0.128764932814178,-0.0550215764265033
"69","Big Sandy-2021","SMB_Y",3.38281753758315,0.334912876799016,0.665087123200984,"Big Sandy-2021","Big Sandy",1006200,"nhdhr_120020983","nhdhr_120020983","MN",24.9826739042723,-93.272579896,46.7435890073,2011-10-09,0.403460528884036,2.73866442891957,-0.284505165898071,-1.02803749210167,2.85238441812374,0.0215485120575294,1.67557465242974,3.1855262031786,-0.598292178943535,-0.128764932814178,-0.0550215764265033
"70","Big Sandy-2021","YEP_Y",2.63664292857468,0.721618902852731,0.278381097147269,"Big Sandy-2021","Big Sandy",1006200,"nhdhr_120020983","nhdhr_120020983","MN",24.9826739042723,-93.272579896,46.7435890073,2011-10-09,0.403460528884036,2.73866442891957,-0.284505165898071,-1.02803749210167,2.85238441812374,0.0215485120575294,1.67557465242974,3.1855262031786,-0.598292178943535,-0.128764932814178,-0.0550215764265033
"71","Big Sandy-2021","WAE_Y",3.18430381739265,0.647395296490216,0.352604703509784,"Big Sandy-2021","Big Sandy",1006200,"nhdhr_120020983","nhdhr_120020983","MN",24.9826739042723,-93.272579896,46.7435890073,2011-10-09,0.403460528884036,2.73866442891957,-0.284505165898071,-1.02803749210167,2.85238441812374,0.0215485120575294,1.67557465242974,3.1855262031786,-0.598292178943535,-0.128764932814178,-0.0550215764265033
"72","Big Sandy-2021","CIS",2.58817339730947,0.855861834961746,0.144138165038254,"Big Sandy-2021","Big Sandy",1006200,"nhdhr_120020983","nhdhr_120020983","MN",24.9826739042723,-93.272579896,46.7435890073,2011-10-09,0.403460528884036,2.73866442891957,-0.284505165898071,-1.02803749210167,2.85238441812374,0.0215485120575294,1.67557465242974,3.1855262031786,-0.598292178943535,-0.128764932814178,-0.0550215764265033
"73","Buffalo-2021","BKS",2.86795234709597,0.885471822910171,0.114528177089829,"Buffalo-2021","Buffalo",86009000,"nhdhr_120019680","nhdhr_120019680","MN",26.2158754664518,-93.8935441256,45.1630340915,2011-09-29,1.36607617889384,0.150713338762431,0.344118685197247,-1.5042933188907,-0.723778004170895,-0.863418500485474,0.64648270047632,2.15314824504192,1.95534482461745,0.838847769477264,-1.02271837314488
"74","Buffalo-2021","BLC",2.74072569830216,0.955448298482087,0.0445517015179129,"Buffalo-2021","Buffalo",86009000,"nhdhr_120019680","nhdhr_120019680","MN",26.2158754664518,-93.8935441256,45.1630340915,2011-09-29,1.36607617889384,0.150713338762431,0.344118685197247,-1.5042933188907,-0.723778004170895,-0.863418500485474,0.64648270047632,2.15314824504192,1.95534482461745,0.838847769477264,-1.02271837314488
"75","Buffalo-2021","YEP_Y",2.91764626402839,0.864514717415396,0.135485282584604,"Buffalo-2021","Buffalo",86009000,"nhdhr_120019680","nhdhr_120019680","MN",26.2158754664518,-93.8935441256,45.1630340915,2011-09-29,1.36607617889384,0.150713338762431,0.344118685197247,-1.5042933188907,-0.723778004170895,-0.863418500485474,0.64648270047632,2.15314824504192,1.95534482461745,0.838847769477264,-1.02271837314488
"76","Buffalo-2021","LMB_Y",3.23614653816203,0.695042302490022,0.304957697509978,"Buffalo-2021","Buffalo",86009000,"nhdhr_120019680","nhdhr_120019680","MN",26.2158754664518,-93.8935441256,45.1630340915,2011-09-29,1.36607617889384,0.150713338762431,0.344118685197247,-1.5042933188907,-0.723778004170895,-0.863418500485474,0.64648270047632,2.15314824504192,1.95534482461745,0.838847769477264,-1.02271837314488
"77","Buffalo-2021","BLG",2.77848829536484,0.694190586238345,0.305809413761655,"Buffalo-2021","Buffalo",86009000,"nhdhr_120019680","nhdhr_120019680","MN",26.2158754664518,-93.8935441256,45.1630340915,2011-09-29,1.36607617889384,0.150713338762431,0.344118685197247,-1.5042933188907,-0.723778004170895,-0.863418500485474,0.64648270047632,2.15314824504192,1.95534482461745,0.838847769477264,-1.02271837314488
"78","Buffalo-2021","YEP",2.55106646292147,0.978579431716793,0.0214205682832074,"Buffalo-2021","Buffalo",86009000,"nhdhr_120019680","nhdhr_120019680","MN",26.2158754664518,-93.8935441256,45.1630340915,2011-09-29,1.36607617889384,0.150713338762431,0.344118685197247,-1.5042933188907,-0.723778004170895,-0.863418500485474,0.64648270047632,2.15314824504192,1.95534482461745,0.838847769477264,-1.02271837314488
"79","Buffalo-2021","NOP",2.8338713465877,0.957809677570925,0.0421903224290749,"Buffalo-2021","Buffalo",86009000,"nhdhr_120019680","nhdhr_120019680","MN",26.2158754664518,-93.8935441256,45.1630340915,2011-09-29,1.36607617889384,0.150713338762431,0.344118685197247,-1.5042933188907,-0.723778004170895,-0.863418500485474,0.64648270047632,2.15314824504192,1.95534482461745,0.838847769477264,-1.02271837314488
"80","Buffalo-2021","WAE",3.29673828068914,0.944373108423323,0.0556268915766771,"Buffalo-2021","Buffalo",86009000,"nhdhr_120019680","nhdhr_120019680","MN",26.2158754664518,-93.8935441256,45.1630340915,2011-09-29,1.36607617889384,0.150713338762431,0.344118685197247,-1.5042933188907,-0.723778004170895,-0.863418500485474,0.64648270047632,2.15314824504192,1.95534482461745,0.838847769477264,-1.02271837314488
"81","Buffalo-2021","WTS",2.28288049901563,0.895086450658626,0.104913549341374,"Buffalo-2021","Buffalo",86009000,"nhdhr_120019680","nhdhr_120019680","MN",26.2158754664518,-93.8935441256,45.1630340915,2011-09-29,1.36607617889384,0.150713338762431,0.344118685197247,-1.5042933188907,-0.723778004170895,-0.863418500485474,0.64648270047632,2.15314824504192,1.95534482461745,0.838847769477264,-1.02271837314488
"82","Buffalo-2021","SMB",3.47151554499438,0.791777887100979,0.208222112899021,"Buffalo-2021","Buffalo",86009000,"nhdhr_120019680","nhdhr_120019680","MN",26.2158754664518,-93.8935441256,45.1630340915,2011-09-29,1.36607617889384,0.150713338762431,0.344118685197247,-1.5042933188907,-0.723778004170895,-0.863418500485474,0.64648270047632,2.15314824504192,1.95534482461745,0.838847769477264,-1.02271837314488
"83","Buffalo-2021","LMB",4.56754110655729,0.577313396311883,0.422686603688117,"Buffalo-2021","Buffalo",86009000,"nhdhr_120019680","nhdhr_120019680","MN",26.2158754664518,-93.8935441256,45.1630340915,2011-09-29,1.36607617889384,0.150713338762431,0.344118685197247,-1.5042933188907,-0.723778004170895,-0.863418500485474,0.64648270047632,2.15314824504192,1.95534482461745,0.838847769477264,-1.02271837314488
"84","Buffalo-2021","WAE_Y",3.29112080109569,0.755032909639339,0.244967090360661,"Buffalo-2021","Buffalo",86009000,"nhdhr_120019680","nhdhr_120019680","MN",26.2158754664518,-93.8935441256,45.1630340915,2011-09-29,1.36607617889384,0.150713338762431,0.344118685197247,-1.5042933188907,-0.723778004170895,-0.863418500485474,0.64648270047632,2.15314824504192,1.95534482461745,0.838847769477264,-1.02271837314488
"85","Buffalo-2021","SMB_Y",3.19106455829364,0.645700889610164,0.354299110389836,"Buffalo-2021","Buffalo",86009000,"nhdhr_120019680","nhdhr_120019680","MN",26.2158754664518,-93.8935441256,45.1630340915,2011-09-29,1.36607617889384,0.150713338762431,0.344118685197247,-1.5042933188907,-0.723778004170895,-0.863418500485474,0.64648270047632,2.15314824504192,1.95534482461745,0.838847769477264,-1.02271837314488
"86","Buffalo-2021","BNM",2.82104181885417,0.730080390927715,0.269919609072285,"Buffalo-2021","Buffalo",86009000,"nhdhr_120019680","nhdhr_120019680","MN",26.2158754664518,-93.8935441256,45.1630340915,2011-09-29,1.36607617889384,0.150713338762431,0.344118685197247,-1.5042933188907,-0.723778004170895,-0.863418500485474,0.64648270047632,2.15314824504192,1.95534482461745,0.838847769477264,-1.02271837314488
"87","Buffalo-2021","SPO",2.84479551757327,0.583606659971942,0.416393340028058,"Buffalo-2021","Buffalo",86009000,"nhdhr_120019680","nhdhr_120019680","MN",26.2158754664518,-93.8935441256,45.1630340915,2011-09-29,1.36607617889384,0.150713338762431,0.344118685197247,-1.5042933188907,-0.723778004170895,-0.863418500485474,0.64648270047632,2.15314824504192,1.95534482461745,0.838847769477264,-1.02271837314488
"88","Buffalo-2021","LGP",4.41960428587362,0.568433368475497,0.431566631524503,"Buffalo-2021","Buffalo",86009000,"nhdhr_120019680","nhdhr_120019680","MN",26.2158754664518,-93.8935441256,45.1630340915,2011-09-29,1.36607617889384,0.150713338762431,0.344118685197247,-1.5042933188907,-0.723778004170895,-0.863418500485474,0.64648270047632,2.15314824504192,1.95534482461745,0.838847769477264,-1.02271837314488
"89","Buffalo-2021","SFS",4.33667681177935,0.562618035110569,0.437381964889431,"Buffalo-2021","Buffalo",86009000,"nhdhr_120019680","nhdhr_120019680","MN",26.2158754664518,-93.8935441256,45.1630340915,2011-09-29,1.36607617889384,0.150713338762431,0.344118685197247,-1.5042933188907,-0.723778004170895,-0.863418500485474,0.64648270047632,2.15314824504192,1.95534482461745,0.838847769477264,-1.02271837314488
"90","Cass-2018","NOP",3.98237510908835,0.30007952308449,0.69992047691551,"Cass-2018","Cass",4003000,"nhdhr_166868528","nhdhr_166868528","MN",23.8868106441774,-94.5637538839,47.3553514794,2011-10-14,-0.551740718599587,2.22713921816335,-0.605519842950863,0.792869061220956,0.21620708743947,0.276734881916585,2.16487105696119,4.04676168284183,0.311905869449646,-0.494948647706841,0.475331065438353
"91","Cass-2018","WAE",4.13370583091682,0.152212951358571,0.847787048641429,"Cass-2018","Cass",4003000,"nhdhr_166868528","nhdhr_166868528","MN",23.8868106441774,-94.5637538839,47.3553514794,2011-10-14,-0.551740718599587,2.22713921816335,-0.605519842950863,0.792869061220956,0.21620708743947,0.276734881916585,2.16487105696119,4.04676168284183,0.311905869449646,-0.494948647706841,0.475331065438353
"92","Cass-2018","YEP",3.60568797080854,0.090044099288643,0.909955900711357,"Cass-2018","Cass",4003000,"nhdhr_166868528","nhdhr_166868528","MN",23.8868106441774,-94.5637538839,47.3553514794,2011-10-14,-0.551740718599587,2.22713921816335,-0.605519842950863,0.792869061220956,0.21620708743947,0.276734881916585,2.16487105696119,4.04676168284183,0.311905869449646,-0.494948647706841,0.475331065438353
"93","Cass-2018","TLC",2.82923810230745,0.935079330085524,0.0649206699144755,"Cass-2018","Cass",4003000,"nhdhr_166868528","nhdhr_166868528","MN",23.8868106441774,-94.5637538839,47.3553514794,2011-10-14,-0.551740718599587,2.22713921816335,-0.605519842950863,0.792869061220956,0.21620708743947,0.276734881916585,2.16487105696119,4.04676168284183,0.311905869449646,-0.494948647706841,0.475331065438353
"94","Cass-2018","WTS",2.95494418002605,0.344834729585415,0.655165270414585,"Cass-2018","Cass",4003000,"nhdhr_166868528","nhdhr_166868528","MN",23.8868106441774,-94.5637538839,47.3553514794,2011-10-14,-0.551740718599587,2.22713921816335,-0.605519842950863,0.792869061220956,0.21620708743947,0.276734881916585,2.16487105696119,4.04676168284183,0.311905869449646,-0.494948647706841,0.475331065438353
"95","Cass-2018","RKB",3.71187741444272,0.0469245107681591,0.953075489231841,"Cass-2018","Cass",4003000,"nhdhr_166868528","nhdhr_166868528","MN",23.8868106441774,-94.5637538839,47.3553514794,2011-10-14,-0.551740718599587,2.22713921816335,-0.605519842950863,0.792869061220956,0.21620708743947,0.276734881916585,2.16487105696119,4.04676168284183,0.311905869449646,-0.494948647706841,0.475331065438353
"96","Cass-2018","YEB",3.40051693585768,0.228573392319462,0.771426607680538,"Cass-2018","Cass",4003000,"nhdhr_166868528","nhdhr_166868528","MN",23.8868106441774,-94.5637538839,47.3553514794,2011-10-14,-0.551740718599587,2.22713921816335,-0.605519842950863,0.792869061220956,0.21620708743947,0.276734881916585,2.16487105696119,4.04676168284183,0.311905869449646,-0.494948647706841,0.475331065438353
"97","Cass-2018","BUB",5.01824225813621,0.410420538294619,0.589579461705381,"Cass-2018","Cass",4003000,"nhdhr_166868528","nhdhr_166868528","MN",23.8868106441774,-94.5637538839,47.3553514794,2011-10-14,-0.551740718599587,2.22713921816335,-0.605519842950863,0.792869061220956,0.21620708743947,0.276734881916585,2.16487105696119,4.04676168284183,0.311905869449646,-0.494948647706841,0.475331065438353
"98","Cass-2018","RHS",4.64577862890111,0.458186014501197,0.541813985498803,"Cass-2018","Cass",4003000,"nhdhr_166868528","nhdhr_166868528","MN",23.8868106441774,-94.5637538839,47.3553514794,2011-10-14,-0.551740718599587,2.22713921816335,-0.605519842950863,0.792869061220956,0.21620708743947,0.276734881916585,2.16487105696119,4.04676168284183,0.311905869449646,-0.494948647706841,0.475331065438353
"99","Cass-2018","PMK",3.38079803005007,0.26939717291135,0.73060282708865,"Cass-2018","Cass",4003000,"nhdhr_166868528","nhdhr_166868528","MN",23.8868106441774,-94.5637538839,47.3553514794,2011-10-14,-0.551740718599587,2.22713921816335,-0.605519842950863,0.792869061220956,0.21620708743947,0.276734881916585,2.16487105696119,4.04676168284183,0.311905869449646,-0.494948647706841,0.475331065438353
"100","Cass-2018","MUE",4.90566945596113,0.4302453329247,0.5697546670753,"Cass-2018","Cass",4003000,"nhdhr_166868528","nhdhr_166868528","MN",23.8868106441774,-94.5637538839,47.3553514794,2011-10-14,-0.551740718599587,2.22713921816335,-0.605519842950863,0.792869061220956,0.21620708743947,0.276734881916585,2.16487105696119,4.04676168284183,0.311905869449646,-0.494948647706841,0.475331065438353
"101","Cass-2018","BRB",3.09049094595974,0.229091328627875,0.770908671372124,"Cass-2018","Cass",4003000,"nhdhr_166868528","nhdhr_166868528","MN",23.8868106441774,-94.5637538839,47.3553514794,2011-10-14,-0.551740718599587,2.22713921816335,-0.605519842950863,0.792869061220956,0.21620708743947,0.276734881916585,2.16487105696119,4.04676168284183,0.311905869449646,-0.494948647706841,0.475331065438353
"102","Cass-2018","LKW",4.40516337068995,0.565588286911099,0.434411713088901,"Cass-2018","Cass",4003000,"nhdhr_166868528","nhdhr_166868528","MN",23.8868106441774,-94.5637538839,47.3553514794,2011-10-14,-0.551740718599587,2.22713921816335,-0.605519842950863,0.792869061220956,0.21620708743947,0.276734881916585,2.16487105696119,4.04676168284183,0.311905869449646,-0.494948647706841,0.475331065438353
"103","Cass-2018","JND",3.32503427858414,0.0399519956413446,0.960048004358655,"Cass-2018","Cass",4003000,"nhdhr_166868528","nhdhr_166868528","MN",23.8868106441774,-94.5637538839,47.3553514794,2011-10-14,-0.551740718599587,2.22713921816335,-0.605519842950863,0.792869061220956,0.21620708743947,0.276734881916585,2.16487105696119,4.04676168284183,0.311905869449646,-0.494948647706841,0.475331065438353
"104","Cass-2018","IOD",3.60799696271289,0.0770514718203119,0.922948528179688,"Cass-2018","Cass",4003000,"nhdhr_166868528","nhdhr_166868528","MN",23.8868106441774,-94.5637538839,47.3553514794,2011-10-14,-0.551740718599587,2.22713921816335,-0.605519842950863,0.792869061220956,0.21620708743947,0.276734881916585,2.16487105696119,4.04676168284183,0.311905869449646,-0.494948647706841,0.475331065438353
"105","Cass-2018","MMS",3.06607728559687,0.347193654702497,0.652806345297503,"Cass-2018","Cass",4003000,"nhdhr_166868528","nhdhr_166868528","MN",23.8868106441774,-94.5637538839,47.3553514794,2011-10-14,-0.551740718599587,2.22713921816335,-0.605519842950863,0.792869061220956,0.21620708743947,0.276734881916585,2.16487105696119,4.04676168284183,0.311905869449646,-0.494948647706841,0.475331065438353
"106","Cass-2018","SPO",3.0513084131827,0.162715642343912,0.837284357656088,"Cass-2018","Cass",4003000,"nhdhr_166868528","nhdhr_166868528","MN",23.8868106441774,-94.5637538839,47.3553514794,2011-10-14,-0.551740718599587,2.22713921816335,-0.605519842950863,0.792869061220956,0.21620708743947,0.276734881916585,2.16487105696119,4.04676168284183,0.311905869449646,-0.494948647706841,0.475331065438353
"107","Cass-2018","LGP",3.33845984152131,0.0341043381085129,0.965895661891487,"Cass-2018","Cass",4003000,"nhdhr_166868528","nhdhr_166868528","MN",23.8868106441774,-94.5637538839,47.3553514794,2011-10-14,-0.551740718599587,2.22713921816335,-0.605519842950863,0.792869061220956,0.21620708743947,0.276734881916585,2.16487105696119,4.04676168284183,0.311905869449646,-0.494948647706841,0.475331065438353
"108","Cass-2018","SHI",3.21703770129771,0.288832872256259,0.711167127743741,"Cass-2018","Cass",4003000,"nhdhr_166868528","nhdhr_166868528","MN",23.8868106441774,-94.5637538839,47.3553514794,2011-10-14,-0.551740718599587,2.22713921816335,-0.605519842950863,0.792869061220956,0.21620708743947,0.276734881916585,2.16487105696119,4.04676168284183,0.311905869449646,-0.494948647706841,0.475331065438353
"109","Cass-2018","BMS",3.14168783106534,0.257256081403707,0.742743918596293,"Cass-2018","Cass",4003000,"nhdhr_166868528","nhdhr_166868528","MN",23.8868106441774,-94.5637538839,47.3553514794,2011-10-14,-0.551740718599587,2.22713921816335,-0.605519842950863,0.792869061220956,0.21620708743947,0.276734881916585,2.16487105696119,4.04676168284183,0.311905869449646,-0.494948647706841,0.475331065438353
"110","Cass-2018","BNM",3.27773720016709,0.0699071631977089,0.930092836802291,"Cass-2018","Cass",4003000,"nhdhr_166868528","nhdhr_166868528","MN",23.8868106441774,-94.5637538839,47.3553514794,2011-10-14,-0.551740718599587,2.22713921816335,-0.605519842950863,0.792869061220956,0.21620708743947,0.276734881916585,2.16487105696119,4.04676168284183,0.311905869449646,-0.494948647706841,0.475331065438353
"111","Cass-2018","MTS",4.90652689169154,0.412263224150975,0.587736775849025,"Cass-2018","Cass",4003000,"nhdhr_166868528","nhdhr_166868528","MN",23.8868106441774,-94.5637538839,47.3553514794,2011-10-14,-0.551740718599587,2.22713921816335,-0.605519842950863,0.792869061220956,0.21620708743947,0.276734881916585,2.16487105696119,4.04676168284183,0.311905869449646,-0.494948647706841,0.475331065438353
"112","Cass-2018","CSH",2.98797278254028,0.131790950906538,0.868209049093462,"Cass-2018","Cass",4003000,"nhdhr_166868528","nhdhr_166868528","MN",23.8868106441774,-94.5637538839,47.3553514794,2011-10-14,-0.551740718599587,2.22713921816335,-0.605519842950863,0.792869061220956,0.21620708743947,0.276734881916585,2.16487105696119,4.04676168284183,0.311905869449646,-0.494948647706841,0.475331065438353
"113","Cass-2018","WAE_Y",3.35761993789593,0.560731116886487,0.439268883113513,"Cass-2018","Cass",4003000,"nhdhr_166868528","nhdhr_166868528","MN",23.8868106441774,-94.5637538839,47.3553514794,2011-10-14,-0.551740718599587,2.22713921816335,-0.605519842950863,0.792869061220956,0.21620708743947,0.276734881916585,2.16487105696119,4.04676168284183,0.311905869449646,-0.494948647706841,0.475331065438353
"114","Cass-2018","YEP_Y",2.98874584540149,0.570163388361049,0.429836611638951,"Cass-2018","Cass",4003000,"nhdhr_166868528","nhdhr_166868528","MN",23.8868106441774,-94.5637538839,47.3553514794,2011-10-14,-0.551740718599587,2.22713921816335,-0.605519842950863,0.792869061220956,0.21620708743947,0.276734881916585,2.16487105696119,4.04676168284183,0.311905869449646,-0.494948647706841,0.475331065438353
"115","Cass-2018","LMB_Y",3.14143552371246,0.198299026352319,0.801700973647681,"Cass-2018","Cass",4003000,"nhdhr_166868528","nhdhr_166868528","MN",23.8868106441774,-94.5637538839,47.3553514794,2011-10-14,-0.551740718599587,2.22713921816335,-0.605519842950863,0.792869061220956,0.21620708743947,0.276734881916585,2.16487105696119,4.04676168284183,0.311905869449646,-0.494948647706841,0.475331065438353
"116","Chippewa-2021","YEP_Y",3.42817819441655,0.43433096768067,0.56566903231933,"Chippewa-2021","Chippewa",21014500,"nhdhr_120018682","nhdhr_120018682","MN",25.2434289257237,-95.5467595753,45.9890780173,2011-10-05,-0.624753733306597,0.310949813820593,-0.0837580238652255,1.17089933468682,0.170202133532065,0.421179996931144,1.81550963513232,1.88985328710737,0.201669869264572,1.23751354979425,-0.453037617749213
"117","Chippewa-2021","WAE_Y",3.85973638103493,0.419889372646585,0.580110627353415,"Chippewa-2021","Chippewa",21014500,"nhdhr_120018682","nhdhr_120018682","MN",25.2434289257237,-95.5467595753,45.9890780173,2011-10-05,-0.624753733306597,0.310949813820593,-0.0837580238652255,1.17089933468682,0.170202133532065,0.421179996931144,1.81550963513232,1.88985328710737,0.201669869264572,1.23751354979425,-0.453037617749213
"118","Chippewa-2021","YEP",3.39746497543794,0.698150392093601,0.301849607906399,"Chippewa-2021","Chippewa",21014500,"nhdhr_120018682","nhdhr_120018682","MN",25.2434289257237,-95.5467595753,45.9890780173,2011-10-05,-0.624753733306597,0.310949813820593,-0.0837580238652255,1.17089933468682,0.170202133532065,0.421179996931144,1.81550963513232,1.88985328710737,0.201669869264572,1.23751354979425,-0.453037617749213
"119","Chippewa-2021","BKF",3.44690867709948,0.221543589218657,0.778456410781343,"Chippewa-2021","Chippewa",21014500,"nhdhr_120018682","nhdhr_120018682","MN",25.2434289257237,-95.5467595753,45.9890780173,2011-10-05,-0.624753733306597,0.310949813820593,-0.0837580238652255,1.17089933468682,0.170202133532065,0.421179996931144,1.81550963513232,1.88985328710737,0.201669869264572,1.23751354979425,-0.453037617749213
"120","Chippewa-2021","BLG_Y",3.35626515335295,0.251126397551146,0.748873602448854,"Chippewa-2021","Chippewa",21014500,"nhdhr_120018682","nhdhr_120018682","MN",25.2434289257237,-95.5467595753,45.9890780173,2011-10-05,-0.624753733306597,0.310949813820593,-0.0837580238652255,1.17089933468682,0.170202133532065,0.421179996931144,1.81550963513232,1.88985328710737,0.201669869264572,1.23751354979425,-0.453037617749213
"121","Chippewa-2021","LMB_Y",3.45585250200137,0.312949339297712,0.687050660702288,"Chippewa-2021","Chippewa",21014500,"nhdhr_120018682","nhdhr_120018682","MN",25.2434289257237,-95.5467595753,45.9890780173,2011-10-05,-0.624753733306597,0.310949813820593,-0.0837580238652255,1.17089933468682,0.170202133532065,0.421179996931144,1.81550963513232,1.88985328710737,0.201669869264572,1.23751354979425,-0.453037617749213
"122","Chippewa-2021","JND",5.02095578448844,0.464319162528928,0.535680837471072,"Chippewa-2021","Chippewa",21014500,"nhdhr_120018682","nhdhr_120018682","MN",25.2434289257237,-95.5467595753,45.9890780173,2011-10-05,-0.624753733306597,0.310949813820593,-0.0837580238652255,1.17089933468682,0.170202133532065,0.421179996931144,1.81550963513232,1.88985328710737,0.201669869264572,1.23751354979425,-0.453037617749213
"123","Chippewa-2021","FTD",5.04116878321749,0.46165268218814,0.53834731781186,"Chippewa-2021","Chippewa",21014500,"nhdhr_120018682","nhdhr_120018682","MN",25.2434289257237,-95.5467595753,45.9890780173,2011-10-05,-0.624753733306597,0.310949813820593,-0.0837580238652255,1.17089933468682,0.170202133532065,0.421179996931144,1.81550963513232,1.88985328710737,0.201669869264572,1.23751354979425,-0.453037617749213
"124","Chippewa-2021","SPO",2.8512214625536,0.160742051896203,0.839257948103797,"Chippewa-2021","Chippewa",21014500,"nhdhr_120018682","nhdhr_120018682","MN",25.2434289257237,-95.5467595753,45.9890780173,2011-10-05,-0.624753733306597,0.310949813820593,-0.0837580238652255,1.17089933468682,0.170202133532065,0.421179996931144,1.81550963513232,1.88985328710737,0.201669869264572,1.23751354979425,-0.453037617749213
"125","Chippewa-2021","BLG",3.19717933756692,0.443239368210302,0.556760631789698,"Chippewa-2021","Chippewa",21014500,"nhdhr_120018682","nhdhr_120018682","MN",25.2434289257237,-95.5467595753,45.9890780173,2011-10-05,-0.624753733306597,0.310949813820593,-0.0837580238652255,1.17089933468682,0.170202133532065,0.421179996931144,1.81550963513232,1.88985328710737,0.201669869264572,1.23751354979425,-0.453037617749213
"126","Chippewa-2021","GOS",4.64000449239622,0.479866072373775,0.520133927626225,"Chippewa-2021","Chippewa",21014500,"nhdhr_120018682","nhdhr_120018682","MN",25.2434289257237,-95.5467595753,45.9890780173,2011-10-05,-0.624753733306597,0.310949813820593,-0.0837580238652255,1.17089933468682,0.170202133532065,0.421179996931144,1.81550963513232,1.88985328710737,0.201669869264572,1.23751354979425,-0.453037617749213
"127","Chippewa-2021","BNM",3.56954930220956,0.310409913738071,0.689590086261929,"Chippewa-2021","Chippewa",21014500,"nhdhr_120018682","nhdhr_120018682","MN",25.2434289257237,-95.5467595753,45.9890780173,2011-10-05,-0.624753733306597,0.310949813820593,-0.0837580238652255,1.17089933468682,0.170202133532065,0.421179996931144,1.81550963513232,1.88985328710737,0.201669869264572,1.23751354979425,-0.453037617749213
"128","Chippewa-2021","NOP_Y",3.64552285147844,0.38406954987664,0.61593045012336,"Chippewa-2021","Chippewa",21014500,"nhdhr_120018682","nhdhr_120018682","MN",25.2434289257237,-95.5467595753,45.9890780173,2011-10-05,-0.624753733306597,0.310949813820593,-0.0837580238652255,1.17089933468682,0.170202133532065,0.421179996931144,1.81550963513232,1.88985328710737,0.201669869264572,1.23751354979425,-0.453037617749213
"129","Chippewa-2021","RKB",3.54473705318005,0.542953237096809,0.457046762903191,"Chippewa-2021","Chippewa",21014500,"nhdhr_120018682","nhdhr_120018682","MN",25.2434289257237,-95.5467595753,45.9890780173,2011-10-05,-0.624753733306597,0.310949813820593,-0.0837580238652255,1.17089933468682,0.170202133532065,0.421179996931144,1.81550963513232,1.88985328710737,0.201669869264572,1.23751354979425,-0.453037617749213
"130","Chippewa-2021","WAE",3.98348070822842,0.588625791151764,0.411374208848236,"Chippewa-2021","Chippewa",21014500,"nhdhr_120018682","nhdhr_120018682","MN",25.2434289257237,-95.5467595753,45.9890780173,2011-10-05,-0.624753733306597,0.310949813820593,-0.0837580238652255,1.17089933468682,0.170202133532065,0.421179996931144,1.81550963513232,1.88985328710737,0.201669869264572,1.23751354979425,-0.453037617749213
"131","Chippewa-2021","WTS",2.90100685945383,0.592842531814624,0.407157468185376,"Chippewa-2021","Chippewa",21014500,"nhdhr_120018682","nhdhr_120018682","MN",25.2434289257237,-95.5467595753,45.9890780173,2011-10-05,-0.624753733306597,0.310949813820593,-0.0837580238652255,1.17089933468682,0.170202133532065,0.421179996931144,1.81550963513232,1.88985328710737,0.201669869264572,1.23751354979425,-0.453037617749213
"132","Chippewa-2021","LMB",4.05751534162287,0.224338732961691,0.775661267038309,"Chippewa-2021","Chippewa",21014500,"nhdhr_120018682","nhdhr_120018682","MN",25.2434289257237,-95.5467595753,45.9890780173,2011-10-05,-0.624753733306597,0.310949813820593,-0.0837580238652255,1.17089933468682,0.170202133532065,0.421179996931144,1.81550963513232,1.88985328710737,0.201669869264572,1.23751354979425,-0.453037617749213
"133","Chippewa-2021","BLC",3.58911464035672,0.685007311244089,0.314992688755911,"Chippewa-2021","Chippewa",21014500,"nhdhr_120018682","nhdhr_120018682","MN",25.2434289257237,-95.5467595753,45.9890780173,2011-10-05,-0.624753733306597,0.310949813820593,-0.0837580238652255,1.17089933468682,0.170202133532065,0.421179996931144,1.81550963513232,1.88985328710737,0.201669869264572,1.23751354979425,-0.453037617749213
"134","Chippewa-2021","NOP",3.99939418486917,0.493489156647847,0.506510843352153,"Chippewa-2021","Chippewa",21014500,"nhdhr_120018682","nhdhr_120018682","MN",25.2434289257237,-95.5467595753,45.9890780173,2011-10-05,-0.624753733306597,0.310949813820593,-0.0837580238652255,1.17089933468682,0.170202133532065,0.421179996931144,1.81550963513232,1.88985328710737,0.201669869264572,1.23751354979425,-0.453037617749213
"135","Clearwater-2019","WAE",4.24573002403553,0.375813978002837,0.624186021997163,"Clearwater-2019","Clearwater",86025200,"nhdhr_120019854","nhdhr_120019854","MN",26.2784331348731,-94.1182212062,45.3006062792,2011-09-30,-0.213065891344178,0.827194635603555,0.308387739164719,-0.24650865710509,0.468840850759342,-0.634232075009702,1.51160575328958,2.66897453436255,0.609042685371589,1.15043744685152,-0.591013832227077
"136","Clearwater-2019","BLG",3.53135587927074,0.205030853593786,0.794969146406214,"Clearwater-2019","Clearwater",86025200,"nhdhr_120019854","nhdhr_120019854","MN",26.2784331348731,-94.1182212062,45.3006062792,2011-09-30,-0.213065891344178,0.827194635603555,0.308387739164719,-0.24650865710509,0.468840850759342,-0.634232075009702,1.51160575328958,2.66897453436255,0.609042685371589,1.15043744685152,-0.591013832227077
"137","Clearwater-2019","BLC",3.95704803649621,0.612423754923771,0.387576245076229,"Clearwater-2019","Clearwater",86025200,"nhdhr_120019854","nhdhr_120019854","MN",26.2784331348731,-94.1182212062,45.3006062792,2011-09-30,-0.213065891344178,0.827194635603555,0.308387739164719,-0.24650865710509,0.468840850759342,-0.634232075009702,1.51160575328958,2.66897453436255,0.609042685371589,1.15043744685152,-0.591013832227077
"138","Clearwater-2019","LMB",4.18671966290078,0.314201432025413,0.685798567974587,"Clearwater-2019","Clearwater",86025200,"nhdhr_120019854","nhdhr_120019854","MN",26.2784331348731,-94.1182212062,45.3006062792,2011-09-30,-0.213065891344178,0.827194635603555,0.308387739164719,-0.24650865710509,0.468840850759342,-0.634232075009702,1.51160575328958,2.66897453436255,0.609042685371589,1.15043744685152,-0.591013832227077
"139","Clearwater-2019","LGP",3.45779644301787,0.222890878695947,0.777109121304054,"Clearwater-2019","Clearwater",86025200,"nhdhr_120019854","nhdhr_120019854","MN",26.2784331348731,-94.1182212062,45.3006062792,2011-09-30,-0.213065891344178,0.827194635603555,0.308387739164719,-0.24650865710509,0.468840850759342,-0.634232075009702,1.51160575328958,2.66897453436255,0.609042685371589,1.15043744685152,-0.591013832227077
"140","Clearwater-2019","YEP",3.72376310404487,0.272641628517239,0.727358371482761,"Clearwater-2019","Clearwater",86025200,"nhdhr_120019854","nhdhr_120019854","MN",26.2784331348731,-94.1182212062,45.3006062792,2011-09-30,-0.213065891344178,0.827194635603555,0.308387739164719,-0.24650865710509,0.468840850759342,-0.634232075009702,1.51160575328958,2.66897453436255,0.609042685371589,1.15043744685152,-0.591013832227077
"141","Clearwater-2019","BNM",3.68067473700514,0.37440537806528,0.62559462193472,"Clearwater-2019","Clearwater",86025200,"nhdhr_120019854","nhdhr_120019854","MN",26.2784331348731,-94.1182212062,45.3006062792,2011-09-30,-0.213065891344178,0.827194635603555,0.308387739164719,-0.24650865710509,0.468840850759342,-0.634232075009702,1.51160575328958,2.66897453436255,0.609042685371589,1.15043744685152,-0.591013832227077
"142","Clearwater-2019","BCS",3.49235866108741,0.369600811069067,0.630399188930933,"Clearwater-2019","Clearwater",86025200,"nhdhr_120019854","nhdhr_120019854","MN",26.2784331348731,-94.1182212062,45.3006062792,2011-09-30,-0.213065891344178,0.827194635603555,0.308387739164719,-0.24650865710509,0.468840850759342,-0.634232075009702,1.51160575328958,2.66897453436255,0.609042685371589,1.15043744685152,-0.591013832227077
"143","Clearwater-2019","BKF",3.67719438070391,0.205398719221418,0.794601280778582,"Clearwater-2019","Clearwater",86025200,"nhdhr_120019854","nhdhr_120019854","MN",26.2784331348731,-94.1182212062,45.3006062792,2011-09-30,-0.213065891344178,0.827194635603555,0.308387739164719,-0.24650865710509,0.468840850759342,-0.634232075009702,1.51160575328958,2.66897453436255,0.609042685371589,1.15043744685152,-0.591013832227077
"144","Clearwater-2019","LMB_Y",3.7528881325109,0.287173903089535,0.712826096910465,"Clearwater-2019","Clearwater",86025200,"nhdhr_120019854","nhdhr_120019854","MN",26.2784331348731,-94.1182212062,45.3006062792,2011-09-30,-0.213065891344178,0.827194635603555,0.308387739164719,-0.24650865710509,0.468840850759342,-0.634232075009702,1.51160575328958,2.66897453436255,0.609042685371589,1.15043744685152,-0.591013832227077
"145","Clearwater-2019","YEP_Y",3.04126531169597,0.290704631157691,0.709295368842309,"Clearwater-2019","Clearwater",86025200,"nhdhr_120019854","nhdhr_120019854","MN",26.2784331348731,-94.1182212062,45.3006062792,2011-09-30,-0.213065891344178,0.827194635603555,0.308387739164719,-0.24650865710509,0.468840850759342,-0.634232075009702,1.51160575328958,2.66897453436255,0.609042685371589,1.15043744685152,-0.591013832227077
"146","Clearwater-2019","WAE_Y",4.00201544891124,0.302636320767431,0.697363679232569,"Clearwater-2019","Clearwater",86025200,"nhdhr_120019854","nhdhr_120019854","MN",26.2784331348731,-94.1182212062,45.3006062792,2011-09-30,-0.213065891344178,0.827194635603555,0.308387739164719,-0.24650865710509,0.468840850759342,-0.634232075009702,1.51160575328958,2.66897453436255,0.609042685371589,1.15043744685152,-0.591013832227077
"147","East Vermilion-2018","WAE",4.19826459842073,0.265430521545447,0.734569478454553,"East Vermilion-2018","East Vermilion",69037801,"nhdhr_105954753","nhdhr_105954753","MN",23.6924305412706,-92.4204949455,47.8644539926,2011-10-15,-0.524093793925676,12.0874091142975,-0.722701800322096,0.670313744196837,6.12022560676765,0.476069258186112,1.58309724510206,4.50561474966415,-0.302900449041823,-0.920712823018565,0.421433278111156
"148","East Vermilion-2018","YEP",3.75963751007742,0.229601761555866,0.770398238444134,"East Vermilion-2018","East Vermilion",69037801,"nhdhr_105954753","nhdhr_105954753","MN",23.6924305412706,-92.4204949455,47.8644539926,2011-10-15,-0.524093793925676,12.0874091142975,-0.722701800322096,0.670313744196837,6.12022560676765,0.476069258186112,1.58309724510206,4.50561474966415,-0.302900449041823,-0.920712823018565,0.421433278111156
"149","East Vermilion-2018","TLC",3.3924409583433,0.651018066018074,0.348981933981926,"East Vermilion-2018","East Vermilion",69037801,"nhdhr_105954753","nhdhr_105954753","MN",23.6924305412706,-92.4204949455,47.8644539926,2011-10-15,-0.524093793925676,12.0874091142975,-0.722701800322096,0.670313744196837,6.12022560676765,0.476069258186112,1.58309724510206,4.50561474966415,-0.302900449041823,-0.920712823018565,0.421433278111156
"150","East Vermilion-2018","WTS",3.3181058161953,0.507950834603331,0.492049165396669,"East Vermilion-2018","East Vermilion",69037801,"nhdhr_105954753","nhdhr_105954753","MN",23.6924305412706,-92.4204949455,47.8644539926,2011-10-15,-0.524093793925676,12.0874091142975,-0.722701800322096,0.670313744196837,6.12022560676765,0.476069258186112,1.58309724510206,4.50561474966415,-0.302900449041823,-0.920712823018565,0.421433278111156
"151","East Vermilion-2018","SMB",3.94873005091117,0.0709072631808143,0.929092736819186,"East Vermilion-2018","East Vermilion",69037801,"nhdhr_105954753","nhdhr_105954753","MN",23.6924305412706,-92.4204949455,47.8644539926,2011-10-15,-0.524093793925676,12.0874091142975,-0.722701800322096,0.670313744196837,6.12022560676765,0.476069258186112,1.58309724510206,4.50561474966415,-0.302900449041823,-0.920712823018565,0.421433278111156
"152","East Vermilion-2018","NOP",4.01549683844425,0.293789649539605,0.706210350460395,"East Vermilion-2018","East Vermilion",69037801,"nhdhr_105954753","nhdhr_105954753","MN",23.6924305412706,-92.4204949455,47.8644539926,2011-10-15,-0.524093793925676,12.0874091142975,-0.722701800322096,0.670313744196837,6.12022560676765,0.476069258186112,1.58309724510206,4.50561474966415,-0.302900449041823,-0.920712823018565,0.421433278111156
"153","East Vermilion-2018","BLC",3.45368714273837,0.494188418599123,0.505811581400877,"East Vermilion-2018","East Vermilion",69037801,"nhdhr_105954753","nhdhr_105954753","MN",23.6924305412706,-92.4204949455,47.8644539926,2011-10-15,-0.524093793925676,12.0874091142975,-0.722701800322096,0.670313744196837,6.12022560676765,0.476069258186112,1.58309724510206,4.50561474966415,-0.302900449041823,-0.920712823018565,0.421433278111156
"154","East Vermilion-2018","RKB",3.6649819017976,0.254920938175787,0.745079061824213,"East Vermilion-2018","East Vermilion",69037801,"nhdhr_105954753","nhdhr_105954753","MN",23.6924305412706,-92.4204949455,47.8644539926,2011-10-15,-0.524093793925676,12.0874091142975,-0.722701800322096,0.670313744196837,6.12022560676765,0.476069258186112,1.58309724510206,4.50561474966415,-0.302900449041823,-0.920712823018565,0.421433278111156
"155","East Vermilion-2018","BLG",3.42996688503289,0.345099568724174,0.654900431275826,"East Vermilion-2018","East Vermilion",69037801,"nhdhr_105954753","nhdhr_105954753","MN",23.6924305412706,-92.4204949455,47.8644539926,2011-10-15,-0.524093793925676,12.0874091142975,-0.722701800322096,0.670313744196837,6.12022560676765,0.476069258186112,1.58309724510206,4.50561474966415,-0.302900449041823,-0.920712823018565,0.421433278111156
"156","East Vermilion-2018","BNM",4.67629531709662,0.463710757382587,0.536289242617413,"East Vermilion-2018","East Vermilion",69037801,"nhdhr_105954753","nhdhr_105954753","MN",23.6924305412706,-92.4204949455,47.8644539926,2011-10-15,-0.524093793925676,12.0874091142975,-0.722701800322096,0.670313744196837,6.12022560676765,0.476069258186112,1.58309724510206,4.50561474966415,-0.302900449041823,-0.920712823018565,0.421433278111156
"157","East Vermilion-2018","LGP",4.8103185581466,0.441102056878754,0.558897943121246,"East Vermilion-2018","East Vermilion",69037801,"nhdhr_105954753","nhdhr_105954753","MN",23.6924305412706,-92.4204949455,47.8644539926,2011-10-15,-0.524093793925676,12.0874091142975,-0.722701800322096,0.670313744196837,6.12022560676765,0.476069258186112,1.58309724510206,4.50561474966415,-0.302900449041823,-0.920712823018565,0.421433278111156
"158","East Vermilion-2018","TRP",3.58147195324544,0.705559199914395,0.294440800085605,"East Vermilion-2018","East Vermilion",69037801,"nhdhr_105954753","nhdhr_105954753","MN",23.6924305412706,-92.4204949455,47.8644539926,2011-10-15,-0.524093793925676,12.0874091142975,-0.722701800322096,0.670313744196837,6.12022560676765,0.476069258186112,1.58309724510206,4.50561474966415,-0.302900449041823,-0.920712823018565,0.421433278111156
"159","East Vermilion-2018","WAE_Y",3.27474253948853,0.724060111475622,0.275939888524378,"East Vermilion-2018","East Vermilion",69037801,"nhdhr_105954753","nhdhr_105954753","MN",23.6924305412706,-92.4204949455,47.8644539926,2011-10-15,-0.524093793925676,12.0874091142975,-0.722701800322096,0.670313744196837,6.12022560676765,0.476069258186112,1.58309724510206,4.50561474966415,-0.302900449041823,-0.920712823018565,0.421433278111156
"160","East Vermilion-2018","YEP_Y",3.02899370491207,0.534997280713482,0.465002719286518,"East Vermilion-2018","East Vermilion",69037801,"nhdhr_105954753","nhdhr_105954753","MN",23.6924305412706,-92.4204949455,47.8644539926,2011-10-15,-0.524093793925676,12.0874091142975,-0.722701800322096,0.670313744196837,6.12022560676765,0.476069258186112,1.58309724510206,4.50561474966415,-0.302900449041823,-0.920712823018565,0.421433278111156
"161","East Vermilion-2018","SMB_Y",3.03130102003193,0.404360651691243,0.595639348308757,"East Vermilion-2018","East Vermilion",69037801,"nhdhr_105954753","nhdhr_105954753","MN",23.6924305412706,-92.4204949455,47.8644539926,2011-10-15,-0.524093793925676,12.0874091142975,-0.722701800322096,0.670313744196837,6.12022560676765,0.476069258186112,1.58309724510206,4.50561474966415,-0.302900449041823,-0.920712823018565,0.421433278111156
"162","East Vermilion-2018","LMB_Y",2.58375510326595,0.563242439872039,0.436757560127961,"East Vermilion-2018","East Vermilion",69037801,"nhdhr_105954753","nhdhr_105954753","MN",23.6924305412706,-92.4204949455,47.8644539926,2011-10-15,-0.524093793925676,12.0874091142975,-0.722701800322096,0.670313744196837,6.12022560676765,0.476069258186112,1.58309724510206,4.50561474966415,-0.302900449041823,-0.920712823018565,0.421433278111156
"163","Green-2020","YEP",4.1252555109463,0.311293813181565,0.688706186818435,"Green-2020","Green",34007900,"nhdhr_120019661","nhdhr_120019661","MN",25.3651962555635,-94.9052171917,45.2523349812,2011-10-05,-0.561919813593163,0.483054609121687,0.00393134268176161,0.840569892484411,-0.753132848722997,-0.149859573543647,2.05806999877817,3.08720267359741,0.958246716956251,0.72003446951313,-0.00359508503287186
"164","Green-2020","WAE",4.41583509719381,0.422651696871837,0.577348303128163,"Green-2020","Green",34007900,"nhdhr_120019661","nhdhr_120019661","MN",25.3651962555635,-94.9052171917,45.2523349812,2011-10-05,-0.561919813593163,0.483054609121687,0.00393134268176161,0.840569892484411,-0.753132848722997,-0.149859573543647,2.05806999877817,3.08720267359741,0.958246716956251,0.72003446951313,-0.00359508503287186
"165","Green-2020","BLG",3.36876104792361,0.324322052068785,0.675677947931215,"Green-2020","Green",34007900,"nhdhr_120019661","nhdhr_120019661","MN",25.3651962555635,-94.9052171917,45.2523349812,2011-10-05,-0.561919813593163,0.483054609121687,0.00393134268176161,0.840569892484411,-0.753132848722997,-0.149859573543647,2.05806999877817,3.08720267359741,0.958246716956251,0.72003446951313,-0.00359508503287186
"166","Green-2020","NOP",4.24359838782415,0.372600554238018,0.627399445761982,"Green-2020","Green",34007900,"nhdhr_120019661","nhdhr_120019661","MN",25.3651962555635,-94.9052171917,45.2523349812,2011-10-05,-0.561919813593163,0.483054609121687,0.00393134268176161,0.840569892484411,-0.753132848722997,-0.149859573543647,2.05806999877817,3.08720267359741,0.958246716956251,0.72003446951313,-0.00359508503287186
"167","Green-2020","BLC",4.02242055437538,0.5002650575012,0.4997349424988,"Green-2020","Green",34007900,"nhdhr_120019661","nhdhr_120019661","MN",25.3651962555635,-94.9052171917,45.2523349812,2011-10-05,-0.561919813593163,0.483054609121687,0.00393134268176161,0.840569892484411,-0.753132848722997,-0.149859573543647,2.05806999877817,3.08720267359741,0.958246716956251,0.72003446951313,-0.00359508503287186
"168","Green-2020","SMB",3.95618199422775,0.390511396446401,0.609488603553599,"Green-2020","Green",34007900,"nhdhr_120019661","nhdhr_120019661","MN",25.3651962555635,-94.9052171917,45.2523349812,2011-10-05,-0.561919813593163,0.483054609121687,0.00393134268176161,0.840569892484411,-0.753132848722997,-0.149859573543647,2.05806999877817,3.08720267359741,0.958246716956251,0.72003446951313,-0.00359508503287186
"169","Green-2020","LMB",3.82243698005785,0.386590725642472,0.613409274357528,"Green-2020","Green",34007900,"nhdhr_120019661","nhdhr_120019661","MN",25.3651962555635,-94.9052171917,45.2523349812,2011-10-05,-0.561919813593163,0.483054609121687,0.00393134268176161,0.840569892484411,-0.753132848722997,-0.149859573543647,2.05806999877817,3.08720267359741,0.958246716956251,0.72003446951313,-0.00359508503287186
"170","Green-2020","CIS",4.72178041698836,0.590312323578323,0.409687676421677,"Green-2020","Green",34007900,"nhdhr_120019661","nhdhr_120019661","MN",25.3651962555635,-94.9052171917,45.2523349812,2011-10-05,-0.561919813593163,0.483054609121687,0.00393134268176161,0.840569892484411,-0.753132848722997,-0.149859573543647,2.05806999877817,3.08720267359741,0.958246716956251,0.72003446951313,-0.00359508503287186
"171","Green-2020","YEP_Y",3.58490006182434,0.699948401029944,0.300051598970056,"Green-2020","Green",34007900,"nhdhr_120019661","nhdhr_120019661","MN",25.3651962555635,-94.9052171917,45.2523349812,2011-10-05,-0.561919813593163,0.483054609121687,0.00393134268176161,0.840569892484411,-0.753132848722997,-0.149859573543647,2.05806999877817,3.08720267359741,0.958246716956251,0.72003446951313,-0.00359508503287186
"172","Green-2020","LGP",3.38901582397947,0.0966567252539933,0.903343274746007,"Green-2020","Green",34007900,"nhdhr_120019661","nhdhr_120019661","MN",25.3651962555635,-94.9052171917,45.2523349812,2011-10-05,-0.561919813593163,0.483054609121687,0.00393134268176161,0.840569892484411,-0.753132848722997,-0.149859573543647,2.05806999877817,3.08720267359741,0.958246716956251,0.72003446951313,-0.00359508503287186
"173","Green-2020","HSF",4.69518057652815,0.479334512081486,0.520665487918514,"Green-2020","Green",34007900,"nhdhr_120019661","nhdhr_120019661","MN",25.3651962555635,-94.9052171917,45.2523349812,2011-10-05,-0.561919813593163,0.483054609121687,0.00393134268176161,0.840569892484411,-0.753132848722997,-0.149859573543647,2.05806999877817,3.08720267359741,0.958246716956251,0.72003446951313,-0.00359508503287186
"174","Green-2020","BNM",3.0211074620853,0.555553524999804,0.444446475000196,"Green-2020","Green",34007900,"nhdhr_120019661","nhdhr_120019661","MN",25.3651962555635,-94.9052171917,45.2523349812,2011-10-05,-0.561919813593163,0.483054609121687,0.00393134268176161,0.840569892484411,-0.753132848722997,-0.149859573543647,2.05806999877817,3.08720267359741,0.958246716956251,0.72003446951313,-0.00359508503287186
"175","Green-2020","WTS",2.71835800128451,0.398437329010544,0.601562670989456,"Green-2020","Green",34007900,"nhdhr_120019661","nhdhr_120019661","MN",25.3651962555635,-94.9052171917,45.2523349812,2011-10-05,-0.561919813593163,0.483054609121687,0.00393134268176161,0.840569892484411,-0.753132848722997,-0.149859573543647,2.05806999877817,3.08720267359741,0.958246716956251,0.72003446951313,-0.00359508503287186
"176","Green-2020","JND",4.66299783759577,0.495223718375732,0.504776281624268,"Green-2020","Green",34007900,"nhdhr_120019661","nhdhr_120019661","MN",25.3651962555635,-94.9052171917,45.2523349812,2011-10-05,-0.561919813593163,0.483054609121687,0.00393134268176161,0.840569892484411,-0.753132848722997,-0.149859573543647,2.05806999877817,3.08720267359741,0.958246716956251,0.72003446951313,-0.00359508503287186
"177","Green-2020","BKF",3.13568161014172,0.355333727303172,0.644666272696828,"Green-2020","Green",34007900,"nhdhr_120019661","nhdhr_120019661","MN",25.3651962555635,-94.9052171917,45.2523349812,2011-10-05,-0.561919813593163,0.483054609121687,0.00393134268176161,0.840569892484411,-0.753132848722997,-0.149859573543647,2.05806999877817,3.08720267359741,0.958246716956251,0.72003446951313,-0.00359508503287186
"178","Green-2020","BLG_Y",3.136273929495,0.486632927784844,0.513367072215156,"Green-2020","Green",34007900,"nhdhr_120019661","nhdhr_120019661","MN",25.3651962555635,-94.9052171917,45.2523349812,2011-10-05,-0.561919813593163,0.483054609121687,0.00393134268176161,0.840569892484411,-0.753132848722997,-0.149859573543647,2.05806999877817,3.08720267359741,0.958246716956251,0.72003446951313,-0.00359508503287186
"179","Green-2020","FHM",3.12577456025332,0.419886881349648,0.580113118650353,"Green-2020","Green",34007900,"nhdhr_120019661","nhdhr_120019661","MN",25.3651962555635,-94.9052171917,45.2523349812,2011-10-05,-0.561919813593163,0.483054609121687,0.00393134268176161,0.840569892484411,-0.753132848722997,-0.149859573543647,2.05806999877817,3.08720267359741,0.958246716956251,0.72003446951313,-0.00359508503287186
"180","Gull-2019","WAE",4.00249634346017,0.51212380449628,0.48787619550372,"Gull-2019","Gull",11030500,"nhdhr_167258106","nhdhr_167258106","MN",24.8378089827687,-94.3510670288,46.4463182331,2011-10-09,-0.529246175342178,2.13794686165433,-0.197641107934254,0.692414030360863,1.09293863977259,-0.0429701296629703,1.67557465242974,3.51051745397677,0.999130796627373,-0.357743814282098,0.262692785364488
"181","Gull-2019","YEP",3.54737250489745,0.339011332752713,0.660988667247287,"Gull-2019","Gull",11030500,"nhdhr_167258106","nhdhr_167258106","MN",24.8378089827687,-94.3510670288,46.4463182331,2011-10-09,-0.529246175342178,2.13794686165433,-0.197641107934254,0.692414030360863,1.09293863977259,-0.0429701296629703,1.67557465242974,3.51051745397677,0.999130796627373,-0.357743814282098,0.262692785364488
"182","Gull-2019","CIS",2.79247673289938,0.974824234759835,0.025175765240165,"Gull-2019","Gull",11030500,"nhdhr_167258106","nhdhr_167258106","MN",24.8378089827687,-94.3510670288,46.4463182331,2011-10-09,-0.529246175342178,2.13794686165433,-0.197641107934254,0.692414030360863,1.09293863977259,-0.0429701296629703,1.67557465242974,3.51051745397677,0.999130796627373,-0.357743814282098,0.262692785364488
"183","Gull-2019","BLG",3.40473608352118,0.174993286415245,0.825006713584755,"Gull-2019","Gull",11030500,"nhdhr_167258106","nhdhr_167258106","MN",24.8378089827687,-94.3510670288,46.4463182331,2011-10-09,-0.529246175342178,2.13794686165433,-0.197641107934254,0.692414030360863,1.09293863977259,-0.0429701296629703,1.67557465242974,3.51051745397677,0.999130796627373,-0.357743814282098,0.262692785364488
"184","Gull-2019","BLC",3.9165694767304,0.549020461849194,0.450979538150806,"Gull-2019","Gull",11030500,"nhdhr_167258106","nhdhr_167258106","MN",24.8378089827687,-94.3510670288,46.4463182331,2011-10-09,-0.529246175342178,2.13794686165433,-0.197641107934254,0.692414030360863,1.09293863977259,-0.0429701296629703,1.67557465242974,3.51051745397677,0.999130796627373,-0.357743814282098,0.262692785364488
"185","Gull-2019","LMB",3.58701623398598,0.547812897415076,0.452187102584924,"Gull-2019","Gull",11030500,"nhdhr_167258106","nhdhr_167258106","MN",24.8378089827687,-94.3510670288,46.4463182331,2011-10-09,-0.529246175342178,2.13794686165433,-0.197641107934254,0.692414030360863,1.09293863977259,-0.0429701296629703,1.67557465242974,3.51051745397677,0.999130796627373,-0.357743814282098,0.262692785364488
"186","Gull-2019","YEP_Y",3.00931947700616,0.741017065050479,0.258982934949521,"Gull-2019","Gull",11030500,"nhdhr_167258106","nhdhr_167258106","MN",24.8378089827687,-94.3510670288,46.4463182331,2011-10-09,-0.529246175342178,2.13794686165433,-0.197641107934254,0.692414030360863,1.09293863977259,-0.0429701296629703,1.67557465242974,3.51051745397677,0.999130796627373,-0.357743814282098,0.262692785364488
"187","Gull-2019","LMB_Y",2.88480073761079,0.52568371549875,0.47431628450125,"Gull-2019","Gull",11030500,"nhdhr_167258106","nhdhr_167258106","MN",24.8378089827687,-94.3510670288,46.4463182331,2011-10-09,-0.529246175342178,2.13794686165433,-0.197641107934254,0.692414030360863,1.09293863977259,-0.0429701296629703,1.67557465242974,3.51051745397677,0.999130796627373,-0.357743814282098,0.262692785364488
"188","Gull-2019","BKF",3.36213290936425,0.0454136506476992,0.954586349352301,"Gull-2019","Gull",11030500,"nhdhr_167258106","nhdhr_167258106","MN",24.8378089827687,-94.3510670288,46.4463182331,2011-10-09,-0.529246175342178,2.13794686165433,-0.197641107934254,0.692414030360863,1.09293863977259,-0.0429701296629703,1.67557465242974,3.51051745397677,0.999130796627373,-0.357743814282098,0.262692785364488
"189","Gull-2019","MMS",3.03133713336548,0.411196888698398,0.588803111301602,"Gull-2019","Gull",11030500,"nhdhr_167258106","nhdhr_167258106","MN",24.8378089827687,-94.3510670288,46.4463182331,2011-10-09,-0.529246175342178,2.13794686165433,-0.197641107934254,0.692414030360863,1.09293863977259,-0.0429701296629703,1.67557465242974,3.51051745397677,0.999130796627373,-0.357743814282098,0.262692785364488
"190","Horseshoe-2019","LMB",3.74817745269851,0.405740789589548,0.594259210410452,"Horseshoe-2019","Horseshoe",11035800,"nhdhr_120018306","nhdhr_120018306","MN",24.1972090548402,-94.4776641629,46.8526243625,2011-10-11,-0.755071282792259,-0.011678230726858,-0.483348746644839,2.13823355879759,-0.185864588024203,0.349920465636827,1.10443309804216,0.856366777867328,0.164129891039052,0.020552786186256,0.729250822177212
"191","Horseshoe-2019","BLG",2.85434499107529,0.454273057856306,0.545726942143694,"Horseshoe-2019","Horseshoe",11035800,"nhdhr_120018306","nhdhr_120018306","MN",24.1972090548402,-94.4776641629,46.8526243625,2011-10-11,-0.755071282792259,-0.011678230726858,-0.483348746644839,2.13823355879759,-0.185864588024203,0.349920465636827,1.10443309804216,0.856366777867328,0.164129891039052,0.020552786186256,0.729250822177212
"192","Horseshoe-2019","WAE",3.57469793782527,0.577422467199463,0.422577532800537,"Horseshoe-2019","Horseshoe",11035800,"nhdhr_120018306","nhdhr_120018306","MN",24.1972090548402,-94.4776641629,46.8526243625,2011-10-11,-0.755071282792259,-0.011678230726858,-0.483348746644839,2.13823355879759,-0.185864588024203,0.349920465636827,1.10443309804216,0.856366777867328,0.164129891039052,0.020552786186256,0.729250822177212
"193","Horseshoe-2019","YEP",2.74539893433329,0.783379162965886,0.216620837034114,"Horseshoe-2019","Horseshoe",11035800,"nhdhr_120018306","nhdhr_120018306","MN",24.1972090548402,-94.4776641629,46.8526243625,2011-10-11,-0.755071282792259,-0.011678230726858,-0.483348746644839,2.13823355879759,-0.185864588024203,0.349920465636827,1.10443309804216,0.856366777867328,0.164129891039052,0.020552786186256,0.729250822177212
"194","Horseshoe-2019","BLC",3.30445007538451,0.724696279089746,0.275303720910254,"Horseshoe-2019","Horseshoe",11035800,"nhdhr_120018306","nhdhr_120018306","MN",24.1972090548402,-94.4776641629,46.8526243625,2011-10-11,-0.755071282792259,-0.011678230726858,-0.483348746644839,2.13823355879759,-0.185864588024203,0.349920465636827,1.10443309804216,0.856366777867328,0.164129891039052,0.020552786186256,0.729250822177212
"195","Horseshoe-2019","BKF",3.15091171402491,0.083021558630296,0.916978441369704,"Horseshoe-2019","Horseshoe",11035800,"nhdhr_120018306","nhdhr_120018306","MN",24.1972090548402,-94.4776641629,46.8526243625,2011-10-11,-0.755071282792259,-0.011678230726858,-0.483348746644839,2.13823355879759,-0.185864588024203,0.349920465636827,1.10443309804216,0.856366777867328,0.164129891039052,0.020552786186256,0.729250822177212
"196","Horseshoe-2019","BNM",2.69334534922288,0.457360723669747,0.542639276330253,"Horseshoe-2019","Horseshoe",11035800,"nhdhr_120018306","nhdhr_120018306","MN",24.1972090548402,-94.4776641629,46.8526243625,2011-10-11,-0.755071282792259,-0.011678230726858,-0.483348746644839,2.13823355879759,-0.185864588024203,0.349920465636827,1.10443309804216,0.856366777867328,0.164129891039052,0.020552786186256,0.729250822177212
"197","Horseshoe-2019","MMS",2.37030880908203,0.842686068941232,0.157313931058768,"Horseshoe-2019","Horseshoe",11035800,"nhdhr_120018306","nhdhr_120018306","MN",24.1972090548402,-94.4776641629,46.8526243625,2011-10-11,-0.755071282792259,-0.011678230726858,-0.483348746644839,2.13823355879759,-0.185864588024203,0.349920465636827,1.10443309804216,0.856366777867328,0.164129891039052,0.020552786186256,0.729250822177212
"198","Horseshoe-2019","YEP_Y",3.06169678625622,0.635245597194544,0.364754402805456,"Horseshoe-2019","Horseshoe",11035800,"nhdhr_120018306","nhdhr_120018306","MN",24.1972090548402,-94.4776641629,46.8526243625,2011-10-11,-0.755071282792259,-0.011678230726858,-0.483348746644839,2.13823355879759,-0.185864588024203,0.349920465636827,1.10443309804216,0.856366777867328,0.164129891039052,0.020552786186256,0.729250822177212
"199","Horseshoe-2019","LMB_Y",3.1066282463088,0.477939254228414,0.522060745771586,"Horseshoe-2019","Horseshoe",11035800,"nhdhr_120018306","nhdhr_120018306","MN",24.1972090548402,-94.4776641629,46.8526243625,2011-10-11,-0.755071282792259,-0.011678230726858,-0.483348746644839,2.13823355879759,-0.185864588024203,0.349920465636827,1.10443309804216,0.856366777867328,0.164129891039052,0.020552786186256,0.729250822177212
"200","Island-2020","YEP_Y",3.16945943131837,0.479548787465933,0.520451212534067,"Island-2020","Island",3015300,"nhdhr_120018454","nhdhr_120018454","MN",23.5391397925968,-95.5331320798,46.9270955432,2011-10-13,-0.715862916891076,0.537796219228792,-0.761890850641891,1.79500383065698,0.91055793360016,0.994145619822231,0.757271774209426,1.96890878869405,-0.139080382736841,-0.49859501358953,0.951176115347228
"201","Island-2020","SMB",3.62799679348765,0.283886807175127,0.716113192824873,"Island-2020","Island",3015300,"nhdhr_120018454","nhdhr_120018454","MN",23.5391397925968,-95.5331320798,46.9270955432,2011-10-13,-0.715862916891076,0.537796219228792,-0.761890850641891,1.79500383065698,0.91055793360016,0.994145619822231,0.757271774209426,1.96890878869405,-0.139080382736841,-0.49859501358953,0.951176115347228
"202","Island-2020","WAE",3.94124799616611,0.729283894535818,0.270716105464182,"Island-2020","Island",3015300,"nhdhr_120018454","nhdhr_120018454","MN",23.5391397925968,-95.5331320798,46.9270955432,2011-10-13,-0.715862916891076,0.537796219228792,-0.761890850641891,1.79500383065698,0.91055793360016,0.994145619822231,0.757271774209426,1.96890878869405,-0.139080382736841,-0.49859501358953,0.951176115347228
"203","Island-2020","NOP",4.10290326421084,0.56830063903476,0.43169936096524,"Island-2020","Island",3015300,"nhdhr_120018454","nhdhr_120018454","MN",23.5391397925968,-95.5331320798,46.9270955432,2011-10-13,-0.715862916891076,0.537796219228792,-0.761890850641891,1.79500383065698,0.91055793360016,0.994145619822231,0.757271774209426,1.96890878869405,-0.139080382736841,-0.49859501358953,0.951176115347228
"204","Island-2020","BLG",3.49528074392778,0.6641137632166,0.3358862367834,"Island-2020","Island",3015300,"nhdhr_120018454","nhdhr_120018454","MN",23.5391397925968,-95.5331320798,46.9270955432,2011-10-13,-0.715862916891076,0.537796219228792,-0.761890850641891,1.79500383065698,0.91055793360016,0.994145619822231,0.757271774209426,1.96890878869405,-0.139080382736841,-0.49859501358953,0.951176115347228
"205","Island-2020","YEP",3.53824302270033,0.587801044828079,0.412198955171921,"Island-2020","Island",3015300,"nhdhr_120018454","nhdhr_120018454","MN",23.5391397925968,-95.5331320798,46.9270955432,2011-10-13,-0.715862916891076,0.537796219228792,-0.761890850641891,1.79500383065698,0.91055793360016,0.994145619822231,0.757271774209426,1.96890878869405,-0.139080382736841,-0.49859501358953,0.951176115347228
"206","Island-2020","WAE_Y",3.81882642428656,0.64603197375949,0.35396802624051,"Island-2020","Island",3015300,"nhdhr_120018454","nhdhr_120018454","MN",23.5391397925968,-95.5331320798,46.9270955432,2011-10-13,-0.715862916891076,0.537796219228792,-0.761890850641891,1.79500383065698,0.91055793360016,0.994145619822231,0.757271774209426,1.96890878869405,-0.139080382736841,-0.49859501358953,0.951176115347228
"207","Island-2020","BNM",3.12386322169858,0.523609166310703,0.476390833689297,"Island-2020","Island",3015300,"nhdhr_120018454","nhdhr_120018454","MN",23.5391397925968,-95.5331320798,46.9270955432,2011-10-13,-0.715862916891076,0.537796219228792,-0.761890850641891,1.79500383065698,0.91055793360016,0.994145619822231,0.757271774209426,1.96890878869405,-0.139080382736841,-0.49859501358953,0.951176115347228
"208","Island-2020","SMB_Y",3.1020817568826,0.180378202073145,0.819621797926855,"Island-2020","Island",3015300,"nhdhr_120018454","nhdhr_120018454","MN",23.5391397925968,-95.5331320798,46.9270955432,2011-10-13,-0.715862916891076,0.537796219228792,-0.761890850641891,1.79500383065698,0.91055793360016,0.994145619822231,0.757271774209426,1.96890878869405,-0.139080382736841,-0.49859501358953,0.951176115347228
"209","Island-2020","LMB",3.65706274718627,0.370705473386063,0.629294526613937,"Island-2020","Island",3015300,"nhdhr_120018454","nhdhr_120018454","MN",23.5391397925968,-95.5331320798,46.9270955432,2011-10-13,-0.715862916891076,0.537796219228792,-0.761890850641891,1.79500383065698,0.91055793360016,0.994145619822231,0.757271774209426,1.96890878869405,-0.139080382736841,-0.49859501358953,0.951176115347228
"210","Island-2020","LMB_Y",2.75277013298288,0.592891394013519,0.407108605986481,"Island-2020","Island",3015300,"nhdhr_120018454","nhdhr_120018454","MN",23.5391397925968,-95.5331320798,46.9270955432,2011-10-13,-0.715862916891076,0.537796219228792,-0.761890850641891,1.79500383065698,0.91055793360016,0.994145619822231,0.757271774209426,1.96890878869405,-0.139080382736841,-0.49859501358953,0.951176115347228
"211","Island-2020","BLG_Y",2.87824969930637,0.738309422077994,0.261690577922006,"Island-2020","Island",3015300,"nhdhr_120018454","nhdhr_120018454","MN",23.5391397925968,-95.5331320798,46.9270955432,2011-10-13,-0.715862916891076,0.537796219228792,-0.761890850641891,1.79500383065698,0.91055793360016,0.994145619822231,0.757271774209426,1.96890878869405,-0.139080382736841,-0.49859501358953,0.951176115347228
"212","Koronis-2019","YEP",3.27038233323638,0.709655529556754,0.290344470443246,"Koronis-2019","Koronis",73020002,"nhdhr_120019638","nhdhr_120019638","MN",25.8182591418446,-94.7091707913,45.3356960613,2011-10-04,-0.338482395092192,0.596428353252825,0.11265764193221,0.045687926095335,-0.013446413649293,-0.246156316886687,2.26904776666156,2.62778431345789,0.0584327957102442,1.51505576836428,-0.706234732376715
"213","Koronis-2019","LGP",2.5534713999598,0.618105309448887,0.381894690551113,"Koronis-2019","Koronis",73020002,"nhdhr_120019638","nhdhr_120019638","MN",25.8182591418446,-94.7091707913,45.3356960613,2011-10-04,-0.338482395092192,0.596428353252825,0.11265764193221,0.045687926095335,-0.013446413649293,-0.246156316886687,2.26904776666156,2.62778431345789,0.0584327957102442,1.51505576836428,-0.706234732376715
"214","Koronis-2019","BNM",2.6097318817294,0.720199278537175,0.279800721462825,"Koronis-2019","Koronis",73020002,"nhdhr_120019638","nhdhr_120019638","MN",25.8182591418446,-94.7091707913,45.3356960613,2011-10-04,-0.338482395092192,0.596428353252825,0.11265764193221,0.045687926095335,-0.013446413649293,-0.246156316886687,2.26904776666156,2.62778431345789,0.0584327957102442,1.51505576836428,-0.706234732376715
"215","Koronis-2019","GOS",2.65910494876816,0.535750897672985,0.464249102327015,"Koronis-2019","Koronis",73020002,"nhdhr_120019638","nhdhr_120019638","MN",25.8182591418446,-94.7091707913,45.3356960613,2011-10-04,-0.338482395092192,0.596428353252825,0.11265764193221,0.045687926095335,-0.013446413649293,-0.246156316886687,2.26904776666156,2.62778431345789,0.0584327957102442,1.51505576836428,-0.706234732376715
"216","Koronis-2019","BLC",3.25933643155209,0.777471712268099,0.222528287731901,"Koronis-2019","Koronis",73020002,"nhdhr_120019638","nhdhr_120019638","MN",25.8182591418446,-94.7091707913,45.3356960613,2011-10-04,-0.338482395092192,0.596428353252825,0.11265764193221,0.045687926095335,-0.013446413649293,-0.246156316886687,2.26904776666156,2.62778431345789,0.0584327957102442,1.51505576836428,-0.706234732376715
"217","Koronis-2019","WAE",3.88331612870285,0.610244324915397,0.389755675084603,"Koronis-2019","Koronis",73020002,"nhdhr_120019638","nhdhr_120019638","MN",25.8182591418446,-94.7091707913,45.3356960613,2011-10-04,-0.338482395092192,0.596428353252825,0.11265764193221,0.045687926095335,-0.013446413649293,-0.246156316886687,2.26904776666156,2.62778431345789,0.0584327957102442,1.51505576836428,-0.706234732376715
"218","Koronis-2019","BLG",2.99731968888852,0.726972218783745,0.273027781216255,"Koronis-2019","Koronis",73020002,"nhdhr_120019638","nhdhr_120019638","MN",25.8182591418446,-94.7091707913,45.3356960613,2011-10-04,-0.338482395092192,0.596428353252825,0.11265764193221,0.045687926095335,-0.013446413649293,-0.246156316886687,2.26904776666156,2.62778431345789,0.0584327957102442,1.51505576836428,-0.706234732376715
"219","Koronis-2019","LMB_Y",3.22495729150951,0.512808922944703,0.487191077055297,"Koronis-2019","Koronis",73020002,"nhdhr_120019638","nhdhr_120019638","MN",25.8182591418446,-94.7091707913,45.3356960613,2011-10-04,-0.338482395092192,0.596428353252825,0.11265764193221,0.045687926095335,-0.013446413649293,-0.246156316886687,2.26904776666156,2.62778431345789,0.0584327957102442,1.51505576836428,-0.706234732376715
"220","Koronis-2019","SPO",2.47930172992642,0.521816768991192,0.478183231008808,"Koronis-2019","Koronis",73020002,"nhdhr_120019638","nhdhr_120019638","MN",25.8182591418446,-94.7091707913,45.3356960613,2011-10-04,-0.338482395092192,0.596428353252825,0.11265764193221,0.045687926095335,-0.013446413649293,-0.246156316886687,2.26904776666156,2.62778431345789,0.0584327957102442,1.51505576836428,-0.706234732376715
"221","Lake of the Woods-2018","WAE",3.69761907868178,0.620444744907286,0.379555255092714,"Lake of the Woods-2018","Lake of the Woods",39000200,"nhdhr_123319728","nhdhr_123319728","MN",22.9471010622673,-95.0028218078,49.0764065344,2011-10-12,1.12102389201145,12.1516414861591,-0.70202787212039,-1.42015297690459,0.906759344616829,-0.429120129238462,2.92476484046999,6.00381341814688,-0.798539784459741,-0.208357712719508,-0.805041404665674
"222","Lake of the Woods-2018","SMB",3.84478683878005,0.256339268015014,0.743660731984986,"Lake of the Woods-2018","Lake of the Woods",39000200,"nhdhr_123319728","nhdhr_123319728","MN",22.9471010622673,-95.0028218078,49.0764065344,2011-10-12,1.12102389201145,12.1516414861591,-0.70202787212039,-1.42015297690459,0.906759344616829,-0.429120129238462,2.92476484046999,6.00381341814688,-0.798539784459741,-0.208357712719508,-0.805041404665674
"223","Lake of the Woods-2018","SAR",3.52791352295599,0.631039175137554,0.368960824862446,"Lake of the Woods-2018","Lake of the Woods",39000200,"nhdhr_123319728","nhdhr_123319728","MN",22.9471010622673,-95.0028218078,49.0764065344,2011-10-12,1.12102389201145,12.1516414861591,-0.70202787212039,-1.42015297690459,0.906759344616829,-0.429120129238462,2.92476484046999,6.00381341814688,-0.798539784459741,-0.208357712719508,-0.805041404665674
"224","Lake of the Woods-2018","NOP",3.63834782924435,0.598999409480123,0.401000590519877,"Lake of the Woods-2018","Lake of the Woods",39000200,"nhdhr_123319728","nhdhr_123319728","MN",22.9471010622673,-95.0028218078,49.0764065344,2011-10-12,1.12102389201145,12.1516414861591,-0.70202787212039,-1.42015297690459,0.906759344616829,-0.429120129238462,2.92476484046999,6.00381341814688,-0.798539784459741,-0.208357712719508,-0.805041404665674
"225","Lake of the Woods-2018","YEP",3.2139901566568,0.495987833757549,0.504012166242451,"Lake of the Woods-2018","Lake of the Woods",39000200,"nhdhr_123319728","nhdhr_123319728","MN",22.9471010622673,-95.0028218078,49.0764065344,2011-10-12,1.12102389201145,12.1516414861591,-0.70202787212039,-1.42015297690459,0.906759344616829,-0.429120129238462,2.92476484046999,6.00381341814688,-0.798539784459741,-0.208357712719508,-0.805041404665674
"226","Lake of the Woods-2018","SHR",2.81792062654027,0.683305706326482,0.316694293673518,"Lake of the Woods-2018","Lake of the Woods",39000200,"nhdhr_123319728","nhdhr_123319728","MN",22.9471010622673,-95.0028218078,49.0764065344,2011-10-12,1.12102389201145,12.1516414861591,-0.70202787212039,-1.42015297690459,0.906759344616829,-0.429120129238462,2.92476484046999,6.00381341814688,-0.798539784459741,-0.208357712719508,-0.805041404665674
"227","Lake of the Woods-2018","WTS",2.67345053290109,0.381782652694547,0.618217347305453,"Lake of the Woods-2018","Lake of the Woods",39000200,"nhdhr_123319728","nhdhr_123319728","MN",22.9471010622673,-95.0028218078,49.0764065344,2011-10-12,1.12102389201145,12.1516414861591,-0.70202787212039,-1.42015297690459,0.906759344616829,-0.429120129238462,2.92476484046999,6.00381341814688,-0.798539784459741,-0.208357712719508,-0.805041404665674
"228","Lake of the Woods-2018","TLC",2.84541715372324,0.761685690057394,0.238314309942606,"Lake of the Woods-2018","Lake of the Woods",39000200,"nhdhr_123319728","nhdhr_123319728","MN",22.9471010622673,-95.0028218078,49.0764065344,2011-10-12,1.12102389201145,12.1516414861591,-0.70202787212039,-1.42015297690459,0.906759344616829,-0.429120129238462,2.92476484046999,6.00381341814688,-0.798539784459741,-0.208357712719508,-0.805041404665674
"229","Lake of the Woods-2018","LKW",3.35856815782986,0.515708236203942,0.484291763796058,"Lake of the Woods-2018","Lake of the Woods",39000200,"nhdhr_123319728","nhdhr_123319728","MN",22.9471010622673,-95.0028218078,49.0764065344,2011-10-12,1.12102389201145,12.1516414861591,-0.70202787212039,-1.42015297690459,0.906759344616829,-0.429120129238462,2.92476484046999,6.00381341814688,-0.798539784459741,-0.208357712719508,-0.805041404665674
"230","Lake of the Woods-2018","MOE",3.04827698618123,0.854796738806845,0.145203261193155,"Lake of the Woods-2018","Lake of the Woods",39000200,"nhdhr_123319728","nhdhr_123319728","MN",22.9471010622673,-95.0028218078,49.0764065344,2011-10-12,1.12102389201145,12.1516414861591,-0.70202787212039,-1.42015297690459,0.906759344616829,-0.429120129238462,2.92476484046999,6.00381341814688,-0.798539784459741,-0.208357712719508,-0.805041404665674
"231","Lake of the Woods-2018","LKS",3.13713243897291,0.743161398010149,0.256838601989851,"Lake of the Woods-2018","Lake of the Woods",39000200,"nhdhr_123319728","nhdhr_123319728","MN",22.9471010622673,-95.0028218078,49.0764065344,2011-10-12,1.12102389201145,12.1516414861591,-0.70202787212039,-1.42015297690459,0.906759344616829,-0.429120129238462,2.92476484046999,6.00381341814688,-0.798539784459741,-0.208357712719508,-0.805041404665674
"232","Lake of the Woods-2018","EMS",2.78423337318772,0.830999131823512,0.169000868176488,"Lake of the Woods-2018","Lake of the Woods",39000200,"nhdhr_123319728","nhdhr_123319728","MN",22.9471010622673,-95.0028218078,49.0764065344,2011-10-12,1.12102389201145,12.1516414861591,-0.70202787212039,-1.42015297690459,0.906759344616829,-0.429120129238462,2.92476484046999,6.00381341814688,-0.798539784459741,-0.208357712719508,-0.805041404665674
"233","Lake of the Woods-2018","RVS",2.8610614100927,0.413233368556562,0.586766631443438,"Lake of the Woods-2018","Lake of the Woods",39000200,"nhdhr_123319728","nhdhr_123319728","MN",22.9471010622673,-95.0028218078,49.0764065344,2011-10-12,1.12102389201145,12.1516414861591,-0.70202787212039,-1.42015297690459,0.906759344616829,-0.429120129238462,2.92476484046999,6.00381341814688,-0.798539784459741,-0.208357712719508,-0.805041404665674
"234","Lake of the Woods-2018","TRP",3.12625494920853,0.638770744362118,0.361229255637882,"Lake of the Woods-2018","Lake of the Woods",39000200,"nhdhr_123319728","nhdhr_123319728","MN",22.9471010622673,-95.0028218078,49.0764065344,2011-10-12,1.12102389201145,12.1516414861591,-0.70202787212039,-1.42015297690459,0.906759344616829,-0.429120129238462,2.92476484046999,6.00381341814688,-0.798539784459741,-0.208357712719508,-0.805041404665674
"235","Lake of the Woods-2018","BLC",2.76054663425813,0.864468294782096,0.135531705217904,"Lake of the Woods-2018","Lake of the Woods",39000200,"nhdhr_123319728","nhdhr_123319728","MN",22.9471010622673,-95.0028218078,49.0764065344,2011-10-12,1.12102389201145,12.1516414861591,-0.70202787212039,-1.42015297690459,0.906759344616829,-0.429120129238462,2.92476484046999,6.00381341814688,-0.798539784459741,-0.208357712719508,-0.805041404665674
"236","Lake of the Woods-2018","SPO",2.65083029770483,0.412302296557868,0.587697703442132,"Lake of the Woods-2018","Lake of the Woods",39000200,"nhdhr_123319728","nhdhr_123319728","MN",22.9471010622673,-95.0028218078,49.0764065344,2011-10-12,1.12102389201145,12.1516414861591,-0.70202787212039,-1.42015297690459,0.906759344616829,-0.429120129238462,2.92476484046999,6.00381341814688,-0.798539784459741,-0.208357712719508,-0.805041404665674
"237","Lake of the Woods-2018","LGP",2.73784773071315,0.1583311429784,0.8416688570216,"Lake of the Woods-2018","Lake of the Woods",39000200,"nhdhr_123319728","nhdhr_123319728","MN",22.9471010622673,-95.0028218078,49.0764065344,2011-10-12,1.12102389201145,12.1516414861591,-0.70202787212039,-1.42015297690459,0.906759344616829,-0.429120129238462,2.92476484046999,6.00381341814688,-0.798539784459741,-0.208357712719508,-0.805041404665674
"238","Lake of the Woods-2018","FHM",5.20442079362836,0.440371645811693,0.559628354188307,"Lake of the Woods-2018","Lake of the Woods",39000200,"nhdhr_123319728","nhdhr_123319728","MN",22.9471010622673,-95.0028218078,49.0764065344,2011-10-12,1.12102389201145,12.1516414861591,-0.70202787212039,-1.42015297690459,0.906759344616829,-0.429120129238462,2.92476484046999,6.00381341814688,-0.798539784459741,-0.208357712719508,-0.805041404665674
"239","Lake of the Woods-2018","QBS",2.53942320723408,0.275549608006148,0.724450391993852,"Lake of the Woods-2018","Lake of the Woods",39000200,"nhdhr_123319728","nhdhr_123319728","MN",22.9471010622673,-95.0028218078,49.0764065344,2011-10-12,1.12102389201145,12.1516414861591,-0.70202787212039,-1.42015297690459,0.906759344616829,-0.429120129238462,2.92476484046999,6.00381341814688,-0.798539784459741,-0.208357712719508,-0.805041404665674
"240","Lake of the Woods-2018","JND",2.90850973403476,0.075279945400339,0.924720054599661,"Lake of the Woods-2018","Lake of the Woods",39000200,"nhdhr_123319728","nhdhr_123319728","MN",22.9471010622673,-95.0028218078,49.0764065344,2011-10-12,1.12102389201145,12.1516414861591,-0.70202787212039,-1.42015297690459,0.906759344616829,-0.429120129238462,2.92476484046999,6.00381341814688,-0.798539784459741,-0.208357712719508,-0.805041404665674
"241","Lake of the Woods-2018","BUB",2.68976572016221,0.199412008996594,0.800587991003406,"Lake of the Woods-2018","Lake of the Woods",39000200,"nhdhr_123319728","nhdhr_123319728","MN",22.9471010622673,-95.0028218078,49.0764065344,2011-10-12,1.12102389201145,12.1516414861591,-0.70202787212039,-1.42015297690459,0.906759344616829,-0.429120129238462,2.92476484046999,6.00381341814688,-0.798539784459741,-0.208357712719508,-0.805041404665674
"242","Lake of the Woods-2018","RVD",2.86920618140568,0.0552343320841033,0.944765667915897,"Lake of the Woods-2018","Lake of the Woods",39000200,"nhdhr_123319728","nhdhr_123319728","MN",22.9471010622673,-95.0028218078,49.0764065344,2011-10-12,1.12102389201145,12.1516414861591,-0.70202787212039,-1.42015297690459,0.906759344616829,-0.429120129238462,2.92476484046999,6.00381341814688,-0.798539784459741,-0.208357712719508,-0.805041404665674
"243","Lake of the Woods-2018","SMB_Y",2.9770342406478,0.675846747613209,0.324153252386791,"Lake of the Woods-2018","Lake of the Woods",39000200,"nhdhr_123319728","nhdhr_123319728","MN",22.9471010622673,-95.0028218078,49.0764065344,2011-10-12,1.12102389201145,12.1516414861591,-0.70202787212039,-1.42015297690459,0.906759344616829,-0.429120129238462,2.92476484046999,6.00381341814688,-0.798539784459741,-0.208357712719508,-0.805041404665674
"244","Lake of the Woods-2018","YEP_Y",2.90247471059503,0.826305706256257,0.173694293743743,"Lake of the Woods-2018","Lake of the Woods",39000200,"nhdhr_123319728","nhdhr_123319728","MN",22.9471010622673,-95.0028218078,49.0764065344,2011-10-12,1.12102389201145,12.1516414861591,-0.70202787212039,-1.42015297690459,0.906759344616829,-0.429120129238462,2.92476484046999,6.00381341814688,-0.798539784459741,-0.208357712719508,-0.805041404665674
"245","Lake of the Woods-2018","WAE_Y",3.13485295424308,0.723803242787848,0.276196757212152,"Lake of the Woods-2018","Lake of the Woods",39000200,"nhdhr_123319728","nhdhr_123319728","MN",22.9471010622673,-95.0028218078,49.0764065344,2011-10-12,1.12102389201145,12.1516414861591,-0.70202787212039,-1.42015297690459,0.906759344616829,-0.429120129238462,2.92476484046999,6.00381341814688,-0.798539784459741,-0.208357712719508,-0.805041404665674
"246","Leech-2022","WAE_Y",3.49553858496772,0.60409529602358,0.39590470397642,"Leech-2022","Leech",11020300,"nhdhr_120018981","nhdhr_120018981","MN",24.4263713977864,-94.4128019921,47.1598849778,2011-10-09,-0.464275902358487,10.3599719026289,-0.420034406947286,0.435678783671444,2.27667454234705,0.261327638080567,2.30480603966377,5.21674903657923,-0.266795745843922,-0.546050123845927,0.306155692056912
"247","Leech-2022","YEP",3.12352862725258,0.433264773728388,0.566735226271612,"Leech-2022","Leech",11020300,"nhdhr_120018981","nhdhr_120018981","MN",24.4263713977864,-94.4128019921,47.1598849778,2011-10-09,-0.464275902358487,10.3599719026289,-0.420034406947286,0.435678783671444,2.27667454234705,0.261327638080567,2.30480603966377,5.21674903657923,-0.266795745843922,-0.546050123845927,0.306155692056912
"248","Leech-2022","WAE",3.78290437382728,0.5369784875345,0.4630215124655,"Leech-2022","Leech",11020300,"nhdhr_120018981","nhdhr_120018981","MN",24.4263713977864,-94.4128019921,47.1598849778,2011-10-09,-0.464275902358487,10.3599719026289,-0.420034406947286,0.435678783671444,2.27667454234705,0.261327638080567,2.30480603966377,5.21674903657923,-0.266795745843922,-0.546050123845927,0.306155692056912
"249","Leech-2022","NOP",3.4963791861588,0.465851381276283,0.534148618723717,"Leech-2022","Leech",11020300,"nhdhr_120018981","nhdhr_120018981","MN",24.4263713977864,-94.4128019921,47.1598849778,2011-10-09,-0.464275902358487,10.3599719026289,-0.420034406947286,0.435678783671444,2.27667454234705,0.261327638080567,2.30480603966377,5.21674903657923,-0.266795745843922,-0.546050123845927,0.306155692056912
"250","Leech-2022","BLC",3.07420330162689,0.540088071612362,0.459911928387638,"Leech-2022","Leech",11020300,"nhdhr_120018981","nhdhr_120018981","MN",24.4263713977864,-94.4128019921,47.1598849778,2011-10-09,-0.464275902358487,10.3599719026289,-0.420034406947286,0.435678783671444,2.27667454234705,0.261327638080567,2.30480603966377,5.21674903657923,-0.266795745843922,-0.546050123845927,0.306155692056912
"251","Leech-2022","RKB",2.92489204724343,0.169914104661628,0.830085895338372,"Leech-2022","Leech",11020300,"nhdhr_120018981","nhdhr_120018981","MN",24.4263713977864,-94.4128019921,47.1598849778,2011-10-09,-0.464275902358487,10.3599719026289,-0.420034406947286,0.435678783671444,2.27667454234705,0.261327638080567,2.30480603966377,5.21674903657923,-0.266795745843922,-0.546050123845927,0.306155692056912
"252","Leech-2022","WTS",2.3724612997571,0.653841443096489,0.346158556903511,"Leech-2022","Leech",11020300,"nhdhr_120018981","nhdhr_120018981","MN",24.4263713977864,-94.4128019921,47.1598849778,2011-10-09,-0.464275902358487,10.3599719026289,-0.420034406947286,0.435678783671444,2.27667454234705,0.261327638080567,2.30480603966377,5.21674903657923,-0.266795745843922,-0.546050123845927,0.306155692056912
"253","Leech-2022","BLG",2.64380326643579,0.492074491468465,0.507925508531535,"Leech-2022","Leech",11020300,"nhdhr_120018981","nhdhr_120018981","MN",24.4263713977864,-94.4128019921,47.1598849778,2011-10-09,-0.464275902358487,10.3599719026289,-0.420034406947286,0.435678783671444,2.27667454234705,0.261327638080567,2.30480603966377,5.21674903657923,-0.266795745843922,-0.546050123845927,0.306155692056912
"254","Leech-2022","LMB_Y",2.49312385413707,0.832894613894012,0.167105386105988,"Leech-2022","Leech",11020300,"nhdhr_120018981","nhdhr_120018981","MN",24.4263713977864,-94.4128019921,47.1598849778,2011-10-09,-0.464275902358487,10.3599719026289,-0.420034406947286,0.435678783671444,2.27667454234705,0.261327638080567,2.30480603966377,5.21674903657923,-0.266795745843922,-0.546050123845927,0.306155692056912
"255","Leech-2022","YEP_Y",3.01375538440279,0.853957670448423,0.146042329551577,"Leech-2022","Leech",11020300,"nhdhr_120018981","nhdhr_120018981","MN",24.4263713977864,-94.4128019921,47.1598849778,2011-10-09,-0.464275902358487,10.3599719026289,-0.420034406947286,0.435678783671444,2.27667454234705,0.261327638080567,2.30480603966377,5.21674903657923,-0.266795745843922,-0.546050123845927,0.306155692056912
"256","Leech-2022","WTS_Y",2.77854316812476,0.409460988640837,0.590539011359163,"Leech-2022","Leech",11020300,"nhdhr_120018981","nhdhr_120018981","MN",24.4263713977864,-94.4128019921,47.1598849778,2011-10-09,-0.464275902358487,10.3599719026289,-0.420034406947286,0.435678783671444,2.27667454234705,0.261327638080567,2.30480603966377,5.21674903657923,-0.266795745843922,-0.546050123845927,0.306155692056912
"257","Leech-2022","SMB_Y",3.08832479600931,0.621198800097458,0.378801199902542,"Leech-2022","Leech",11020300,"nhdhr_120018981","nhdhr_120018981","MN",24.4263713977864,-94.4128019921,47.1598849778,2011-10-09,-0.464275902358487,10.3599719026289,-0.420034406947286,0.435678783671444,2.27667454234705,0.261327638080567,2.30480603966377,5.21674903657923,-0.266795745843922,-0.546050123845927,0.306155692056912
"258","Leech-2022","LGP",3.01789449638344,0.294252841183923,0.705747158816077,"Leech-2022","Leech",11020300,"nhdhr_120018981","nhdhr_120018981","MN",24.4263713977864,-94.4128019921,47.1598849778,2011-10-09,-0.464275902358487,10.3599719026289,-0.420034406947286,0.435678783671444,2.27667454234705,0.261327638080567,2.30480603966377,5.21674903657923,-0.266795745843922,-0.546050123845927,0.306155692056912
"259","Leech-2022","MMS",2.8761046192884,0.802048604786925,0.197951395213075,"Leech-2022","Leech",11020300,"nhdhr_120018981","nhdhr_120018981","MN",24.4263713977864,-94.4128019921,47.1598849778,2011-10-09,-0.464275902358487,10.3599719026289,-0.420034406947286,0.435678783671444,2.27667454234705,0.261327638080567,2.30480603966377,5.21674903657923,-0.266795745843922,-0.546050123845927,0.306155692056912
"260","Leech-2022","JND",3.21127279290713,0.591326100576539,0.408673899423461,"Leech-2022","Leech",11020300,"nhdhr_120018981","nhdhr_120018981","MN",24.4263713977864,-94.4128019921,47.1598849778,2011-10-09,-0.464275902358487,10.3599719026289,-0.420034406947286,0.435678783671444,2.27667454234705,0.261327638080567,2.30480603966377,5.21674903657923,-0.266795745843922,-0.546050123845927,0.306155692056912
"261","Leech-2022","BNM",2.88557889412406,0.458265841138066,0.541734158861934,"Leech-2022","Leech",11020300,"nhdhr_120018981","nhdhr_120018981","MN",24.4263713977864,-94.4128019921,47.1598849778,2011-10-09,-0.464275902358487,10.3599719026289,-0.420034406947286,0.435678783671444,2.27667454234705,0.261327638080567,2.30480603966377,5.21674903657923,-0.266795745843922,-0.546050123845927,0.306155692056912
"262","Leech-2022","FHM",4.32427458352005,0.497687015869771,0.502312984130229,"Leech-2022","Leech",11020300,"nhdhr_120018981","nhdhr_120018981","MN",24.4263713977864,-94.4128019921,47.1598849778,2011-10-09,-0.464275902358487,10.3599719026289,-0.420034406947286,0.435678783671444,2.27667454234705,0.261327638080567,2.30480603966377,5.21674903657923,-0.266795745843922,-0.546050123845927,0.306155692056912
"263","Leech-2022","IOD",4.66850051449964,0.481645613543733,0.518354386456267,"Leech-2022","Leech",11020300,"nhdhr_120018981","nhdhr_120018981","MN",24.4263713977864,-94.4128019921,47.1598849778,2011-10-09,-0.464275902358487,10.3599719026289,-0.420034406947286,0.435678783671444,2.27667454234705,0.261327638080567,2.30480603966377,5.21674903657923,-0.266795745843922,-0.546050123845927,0.306155692056912
"264","Leech-2022","TRP",4.35289957613876,0.567767587536,0.432232412464,"Leech-2022","Leech",11020300,"nhdhr_120018981","nhdhr_120018981","MN",24.4263713977864,-94.4128019921,47.1598849778,2011-10-09,-0.464275902358487,10.3599719026289,-0.420034406947286,0.435678783671444,2.27667454234705,0.261327638080567,2.30480603966377,5.21674903657923,-0.266795745843922,-0.546050123845927,0.306155692056912
"265","Leech-2022","SPO",2.62422586038892,0.542402214283625,0.457597785716375,"Leech-2022","Leech",11020300,"nhdhr_120018981","nhdhr_120018981","MN",24.4263713977864,-94.4128019921,47.1598849778,2011-10-09,-0.464275902358487,10.3599719026289,-0.420034406947286,0.435678783671444,2.27667454234705,0.261327638080567,2.30480603966377,5.21674903657923,-0.266795745843922,-0.546050123845927,0.306155692056912
"266","Leech-2022","RKB_Y",4.39227701349754,0.572394480852489,0.427605519147511,"Leech-2022","Leech",11020300,"nhdhr_120018981","nhdhr_120018981","MN",24.4263713977864,-94.4128019921,47.1598849778,2011-10-09,-0.464275902358487,10.3599719026289,-0.420034406947286,0.435678783671444,2.27667454234705,0.261327638080567,2.30480603966377,5.21674903657923,-0.266795745843922,-0.546050123845927,0.306155692056912
"267","Leech-2022","BLG_Y",2.86366928807022,0.673630687973579,0.326369312026421,"Leech-2022","Leech",11020300,"nhdhr_120018981","nhdhr_120018981","MN",24.4263713977864,-94.4128019921,47.1598849778,2011-10-09,-0.464275902358487,10.3599719026289,-0.420034406947286,0.435678783671444,2.27667454234705,0.261327638080567,2.30480603966377,5.21674903657923,-0.266795745843922,-0.546050123845927,0.306155692056912
"268","Leech-2022","CIS_Y",4.30573933742676,0.573133365177962,0.426866634822038,"Leech-2022","Leech",11020300,"nhdhr_120018981","nhdhr_120018981","MN",24.4263713977864,-94.4128019921,47.1598849778,2011-10-09,-0.464275902358487,10.3599719026289,-0.420034406947286,0.435678783671444,2.27667454234705,0.261327638080567,2.30480603966377,5.21674903657923,-0.266795745843922,-0.546050123845927,0.306155692056912
"269","Leech-2022","SFS",3.10309178647322,0.5833893326443,0.4166106673557,"Leech-2022","Leech",11020300,"nhdhr_120018981","nhdhr_120018981","MN",24.4263713977864,-94.4128019921,47.1598849778,2011-10-09,-0.464275902358487,10.3599719026289,-0.420034406947286,0.435678783671444,2.27667454234705,0.261327638080567,2.30480603966377,5.21674903657923,-0.266795745843922,-0.546050123845927,0.306155692056912
"270","Leech-2022","PMK",4.66357139378146,0.479339938260308,0.520660061739692,"Leech-2022","Leech",11020300,"nhdhr_120018981","nhdhr_120018981","MN",24.4263713977864,-94.4128019921,47.1598849778,2011-10-09,-0.464275902358487,10.3599719026289,-0.420034406947286,0.435678783671444,2.27667454234705,0.261327638080567,2.30480603966377,5.21674903657923,-0.266795745843922,-0.546050123845927,0.306155692056912
"271","Leech-2022","LMB",3.58601886083037,0.436381778121873,0.563618221878127,"Leech-2022","Leech",11020300,"nhdhr_120018981","nhdhr_120018981","MN",24.4263713977864,-94.4128019921,47.1598849778,2011-10-09,-0.464275902358487,10.3599719026289,-0.420034406947286,0.435678783671444,2.27667454234705,0.261327638080567,2.30480603966377,5.21674903657923,-0.266795745843922,-0.546050123845927,0.306155692056912
"272","Leech-2022","CIS",3.28630001285456,0.910318367672739,0.0896816323272607,"Leech-2022","Leech",11020300,"nhdhr_120018981","nhdhr_120018981","MN",24.4263713977864,-94.4128019921,47.1598849778,2011-10-09,-0.464275902358487,10.3599719026289,-0.420034406947286,0.435678783671444,2.27667454234705,0.261327638080567,2.30480603966377,5.21674903657923,-0.266795745843922,-0.546050123845927,0.306155692056912
"273","Leech-2022","BUB",4.87473513214357,0.583472279035614,0.416527720964386,"Leech-2022","Leech",11020300,"nhdhr_120018981","nhdhr_120018981","MN",24.4263713977864,-94.4128019921,47.1598849778,2011-10-09,-0.464275902358487,10.3599719026289,-0.420034406947286,0.435678783671444,2.27667454234705,0.261327638080567,2.30480603966377,5.21674903657923,-0.266795745843922,-0.546050123845927,0.306155692056912
"274","Little Boy-2021","BLG",3.38426651999545,0.754757659490643,0.245242340509357,"Little Boy-2021","Little Boy",11016700,"nhdhr_120019023","nhdhr_120019023","MN",24.6760601699565,-94.1898977683,46.9433203571,2011-10-11,-0.560788803038321,0.364787922744163,-0.370742469406552,0.835197485046932,0.0637480676900308,0.293105445834336,1.51160575328958,2.0989302641341,0.0063770560023232,-0.661157530714022,0.804419362306427
"275","Little Boy-2021","NOP",3.97966300038357,0.831217938910988,0.168782061089012,"Little Boy-2021","Little Boy",11016700,"nhdhr_120019023","nhdhr_120019023","MN",24.6760601699565,-94.1898977683,46.9433203571,2011-10-11,-0.560788803038321,0.364787922744163,-0.370742469406552,0.835197485046932,0.0637480676900308,0.293105445834336,1.51160575328958,2.0989302641341,0.0063770560023232,-0.661157530714022,0.804419362306427
"276","Little Boy-2021","WAE",4.1990221902052,0.839780930640298,0.160219069359702,"Little Boy-2021","Little Boy",11016700,"nhdhr_120019023","nhdhr_120019023","MN",24.6760601699565,-94.1898977683,46.9433203571,2011-10-11,-0.560788803038321,0.364787922744163,-0.370742469406552,0.835197485046932,0.0637480676900308,0.293105445834336,1.51160575328958,2.0989302641341,0.0063770560023232,-0.661157530714022,0.804419362306427
"277","Little Boy-2021","YEP",3.56091491744675,0.959941569980131,0.0400584300198689,"Little Boy-2021","Little Boy",11016700,"nhdhr_120019023","nhdhr_120019023","MN",24.6760601699565,-94.1898977683,46.9433203571,2011-10-11,-0.560788803038321,0.364787922744163,-0.370742469406552,0.835197485046932,0.0637480676900308,0.293105445834336,1.51160575328958,2.0989302641341,0.0063770560023232,-0.661157530714022,0.804419362306427
"278","Little Boy-2021","SMB",4.0705362697655,0.534809380508682,0.465190619491318,"Little Boy-2021","Little Boy",11016700,"nhdhr_120019023","nhdhr_120019023","MN",24.6760601699565,-94.1898977683,46.9433203571,2011-10-11,-0.560788803038321,0.364787922744163,-0.370742469406552,0.835197485046932,0.0637480676900308,0.293105445834336,1.51160575328958,2.0989302641341,0.0063770560023232,-0.661157530714022,0.804419362306427
"279","Little Boy-2021","LMB",4.62626608919791,0.575563059593597,0.424436940406403,"Little Boy-2021","Little Boy",11016700,"nhdhr_120019023","nhdhr_120019023","MN",24.6760601699565,-94.1898977683,46.9433203571,2011-10-11,-0.560788803038321,0.364787922744163,-0.370742469406552,0.835197485046932,0.0637480676900308,0.293105445834336,1.51160575328958,2.0989302641341,0.0063770560023232,-0.661157530714022,0.804419362306427
"280","Little Boy-2021","CIS",3.88242270301416,0.627132862645413,0.372867137354587,"Little Boy-2021","Little Boy",11016700,"nhdhr_120019023","nhdhr_120019023","MN",24.6760601699565,-94.1898977683,46.9433203571,2011-10-11,-0.560788803038321,0.364787922744163,-0.370742469406552,0.835197485046932,0.0637480676900308,0.293105445834336,1.51160575328958,2.0989302641341,0.0063770560023232,-0.661157530714022,0.804419362306427
"281","Little Boy-2021","WAE_Y",3.8349816940209,0.592341869076976,0.407658130923024,"Little Boy-2021","Little Boy",11016700,"nhdhr_120019023","nhdhr_120019023","MN",24.6760601699565,-94.1898977683,46.9433203571,2011-10-11,-0.560788803038321,0.364787922744163,-0.370742469406552,0.835197485046932,0.0637480676900308,0.293105445834336,1.51160575328958,2.0989302641341,0.0063770560023232,-0.661157530714022,0.804419362306427
"282","Little Boy-2021","YEP_Y",3.41914124797775,0.572239333787289,0.427760666212711,"Little Boy-2021","Little Boy",11016700,"nhdhr_120019023","nhdhr_120019023","MN",24.6760601699565,-94.1898977683,46.9433203571,2011-10-11,-0.560788803038321,0.364787922744163,-0.370742469406552,0.835197485046932,0.0637480676900308,0.293105445834336,1.51160575328958,2.0989302641341,0.0063770560023232,-0.661157530714022,0.804419362306427
"283","Little Boy-2021","BNM",3.22013531577016,0.497799458540333,0.502200541459667,"Little Boy-2021","Little Boy",11016700,"nhdhr_120019023","nhdhr_120019023","MN",24.6760601699565,-94.1898977683,46.9433203571,2011-10-11,-0.560788803038321,0.364787922744163,-0.370742469406552,0.835197485046932,0.0637480676900308,0.293105445834336,1.51160575328958,2.0989302641341,0.0063770560023232,-0.661157530714022,0.804419362306427
"284","Little Boy-2021","SMB_Y",3.36818599881569,0.217691138991173,0.782308861008826,"Little Boy-2021","Little Boy",11016700,"nhdhr_120019023","nhdhr_120019023","MN",24.6760601699565,-94.1898977683,46.9433203571,2011-10-11,-0.560788803038321,0.364787922744163,-0.370742469406552,0.835197485046932,0.0637480676900308,0.293105445834336,1.51160575328958,2.0989302641341,0.0063770560023232,-0.661157530714022,0.804419362306427
"285","Little Boy-2021","LMB_Y",3.15737231682538,0.491941520523677,0.508058479476323,"Little Boy-2021","Little Boy",11016700,"nhdhr_120019023","nhdhr_120019023","MN",24.6760601699565,-94.1898977683,46.9433203571,2011-10-11,-0.560788803038321,0.364787922744163,-0.370742469406552,0.835197485046932,0.0637480676900308,0.293105445834336,1.51160575328958,2.0989302641341,0.0063770560023232,-0.661157530714022,0.804419362306427
"286","Little Boy-2021","BLG_Y",3.31059559319883,0.427514213701438,0.572485786298562,"Little Boy-2021","Little Boy",11016700,"nhdhr_120019023","nhdhr_120019023","MN",24.6760601699565,-94.1898977683,46.9433203571,2011-10-11,-0.560788803038321,0.364787922744163,-0.370742469406552,0.835197485046932,0.0637480676900308,0.293105445834336,1.51160575328958,2.0989302641341,0.0063770560023232,-0.661157530714022,0.804419362306427
"287","Little Boy-2021","CSH",4.63376067261128,0.499691092971581,0.500308907028419,"Little Boy-2021","Little Boy",11016700,"nhdhr_120019023","nhdhr_120019023","MN",24.6760601699565,-94.1898977683,46.9433203571,2011-10-11,-0.560788803038321,0.364787922744163,-0.370742469406552,0.835197485046932,0.0637480676900308,0.293105445834336,1.51160575328958,2.0989302641341,0.0063770560023232,-0.661157530714022,0.804419362306427
"288","Little Boy-2021","MMS",3.38196423183024,0.595484527441453,0.404515472558547,"Little Boy-2021","Little Boy",11016700,"nhdhr_120019023","nhdhr_120019023","MN",24.6760601699565,-94.1898977683,46.9433203571,2011-10-11,-0.560788803038321,0.364787922744163,-0.370742469406552,0.835197485046932,0.0637480676900308,0.293105445834336,1.51160575328958,2.0989302641341,0.0063770560023232,-0.661157530714022,0.804419362306427
"289","Lower Red-2017","NOP",3.63579153293768,0.889434406371246,0.110565593628754,"Lower Red-2017","Lower Red",4003502,"nhdhr_120020981","nhdhr_120020981","MN",24.7357744905644,-93.5243029118,46.7428028792,2011-10-05,-0.442912369655919,-0.121839085868636,-0.3074041754052,0.360590742344819,-0.420916424240034,0.0311781863918334,-0.124484966546009,0.0808731258115069,-0.44025241082316,-0.346787440981159,-0.24562818905331
"290","Lower Red-2017","FRD",3.15072504211607,0.91882918878855,0.0811708112114502,"Lower Red-2017","Lower Red",4003502,"nhdhr_120020981","nhdhr_120020981","MN",24.7357744905644,-93.5243029118,46.7428028792,2011-10-05,-0.442912369655919,-0.121839085868636,-0.3074041754052,0.360590742344819,-0.420916424240034,0.0311781863918334,-0.124484966546009,0.0808731258115069,-0.44025241082316,-0.346787440981159,-0.24562818905331
"291","Lower Red-2017","SHR",3.07970582399804,0.722559313951314,0.277440686048686,"Lower Red-2017","Lower Red",4003502,"nhdhr_120020981","nhdhr_120020981","MN",24.7357744905644,-93.5243029118,46.7428028792,2011-10-05,-0.442912369655919,-0.121839085868636,-0.3074041754052,0.360590742344819,-0.420916424240034,0.0311781863918334,-0.124484966546009,0.0808731258115069,-0.44025241082316,-0.346787440981159,-0.24562818905331
"292","Lower Red-2017","WTS",2.47525993622902,0.951956564712603,0.0480434352873973,"Lower Red-2017","Lower Red",4003502,"nhdhr_120020981","nhdhr_120020981","MN",24.7357744905644,-93.5243029118,46.7428028792,2011-10-05,-0.442912369655919,-0.121839085868636,-0.3074041754052,0.360590742344819,-0.420916424240034,0.0311781863918334,-0.124484966546009,0.0808731258115069,-0.44025241082316,-0.346787440981159,-0.24562818905331
"293","Lower Red-2017","BLC",3.00808270519638,0.801898394294357,0.198101605705643,"Lower Red-2017","Lower Red",4003502,"nhdhr_120020981","nhdhr_120020981","MN",24.7357744905644,-93.5243029118,46.7428028792,2011-10-05,-0.442912369655919,-0.121839085868636,-0.3074041754052,0.360590742344819,-0.420916424240034,0.0311781863918334,-0.124484966546009,0.0808731258115069,-0.44025241082316,-0.346787440981159,-0.24562818905331
"294","Lower Red-2017","QBS",4.46963415877734,0.517086757362726,0.482913242637274,"Lower Red-2017","Lower Red",4003502,"nhdhr_120020981","nhdhr_120020981","MN",24.7357744905644,-93.5243029118,46.7428028792,2011-10-05,-0.442912369655919,-0.121839085868636,-0.3074041754052,0.360590742344819,-0.420916424240034,0.0311781863918334,-0.124484966546009,0.0808731258115069,-0.44025241082316,-0.346787440981159,-0.24562818905331
"295","Lower Red-2017","WAE",4.04442804134217,0.692201659917856,0.307798340082144,"Lower Red-2017","Lower Red",4003502,"nhdhr_120020981","nhdhr_120020981","MN",24.7357744905644,-93.5243029118,46.7428028792,2011-10-05,-0.442912369655919,-0.121839085868636,-0.3074041754052,0.360590742344819,-0.420916424240034,0.0311781863918334,-0.124484966546009,0.0808731258115069,-0.44025241082316,-0.346787440981159,-0.24562818905331
"296","Lower Red-2017","YEP",3.2227686211135,0.914077931943965,0.0859220680560353,"Lower Red-2017","Lower Red",4003502,"nhdhr_120020981","nhdhr_120020981","MN",24.7357744905644,-93.5243029118,46.7428028792,2011-10-05,-0.442912369655919,-0.121839085868636,-0.3074041754052,0.360590742344819,-0.420916424240034,0.0311781863918334,-0.124484966546009,0.0808731258115069,-0.44025241082316,-0.346787440981159,-0.24562818905331
"297","Lower Red-2017","GOE",2.86025777747105,0.831874110509871,0.168125889490129,"Lower Red-2017","Lower Red",4003502,"nhdhr_120020981","nhdhr_120020981","MN",24.7357744905644,-93.5243029118,46.7428028792,2011-10-05,-0.442912369655919,-0.121839085868636,-0.3074041754052,0.360590742344819,-0.420916424240034,0.0311781863918334,-0.124484966546009,0.0808731258115069,-0.44025241082316,-0.346787440981159,-0.24562818905331
"298","Lower Red-2017","EMS",3.18920148261026,0.737129313571155,0.262870686428845,"Lower Red-2017","Lower Red",4003502,"nhdhr_120020981","nhdhr_120020981","MN",24.7357744905644,-93.5243029118,46.7428028792,2011-10-05,-0.442912369655919,-0.121839085868636,-0.3074041754052,0.360590742344819,-0.420916424240034,0.0311781863918334,-0.124484966546009,0.0808731258115069,-0.44025241082316,-0.346787440981159,-0.24562818905331
"299","Lower Red-2017","SPO",2.9407402763905,0.739926849757645,0.260073150242355,"Lower Red-2017","Lower Red",4003502,"nhdhr_120020981","nhdhr_120020981","MN",24.7357744905644,-93.5243029118,46.7428028792,2011-10-05,-0.442912369655919,-0.121839085868636,-0.3074041754052,0.360590742344819,-0.420916424240034,0.0311781863918334,-0.124484966546009,0.0808731258115069,-0.44025241082316,-0.346787440981159,-0.24562818905331
"300","Lower Red-2017","TRP",2.79818495210589,0.902914408853661,0.0970855911463391,"Lower Red-2017","Lower Red",4003502,"nhdhr_120020981","nhdhr_120020981","MN",24.7357744905644,-93.5243029118,46.7428028792,2011-10-05,-0.442912369655919,-0.121839085868636,-0.3074041754052,0.360590742344819,-0.420916424240034,0.0311781863918334,-0.124484966546009,0.0808731258115069,-0.44025241082316,-0.346787440981159,-0.24562818905331
"301","Lower Red-2017","JND",2.66398300746119,0.550219465229272,0.449780534770728,"Lower Red-2017","Lower Red",4003502,"nhdhr_120020981","nhdhr_120020981","MN",24.7357744905644,-93.5243029118,46.7428028792,2011-10-05,-0.442912369655919,-0.121839085868636,-0.3074041754052,0.360590742344819,-0.420916424240034,0.0311781863918334,-0.124484966546009,0.0808731258115069,-0.44025241082316,-0.346787440981159,-0.24562818905331
"302","Lower Red-2017","RVS",3.07686825694251,0.6075675390318,0.3924324609682,"Lower Red-2017","Lower Red",4003502,"nhdhr_120020981","nhdhr_120020981","MN",24.7357744905644,-93.5243029118,46.7428028792,2011-10-05,-0.442912369655919,-0.121839085868636,-0.3074041754052,0.360590742344819,-0.420916424240034,0.0311781863918334,-0.124484966546009,0.0808731258115069,-0.44025241082316,-0.346787440981159,-0.24562818905331
"303","Lower Red-2017","RVS_Y",3.10878193938794,0.603154910344561,0.396845089655439,"Lower Red-2017","Lower Red",4003502,"nhdhr_120020981","nhdhr_120020981","MN",24.7357744905644,-93.5243029118,46.7428028792,2011-10-05,-0.442912369655919,-0.121839085868636,-0.3074041754052,0.360590742344819,-0.420916424240034,0.0311781863918334,-0.124484966546009,0.0808731258115069,-0.44025241082316,-0.346787440981159,-0.24562818905331
"304","Lower Red-2017","WAE_Y",3.22772870778883,0.523377016324349,0.476622983675651,"Lower Red-2017","Lower Red",4003502,"nhdhr_120020981","nhdhr_120020981","MN",24.7357744905644,-93.5243029118,46.7428028792,2011-10-05,-0.442912369655919,-0.121839085868636,-0.3074041754052,0.360590742344819,-0.420916424240034,0.0311781863918334,-0.124484966546009,0.0808731258115069,-0.44025241082316,-0.346787440981159,-0.24562818905331
"305","Lower Red-2017","YEP_Y",3.20833318684709,0.697883703825043,0.302116296174957,"Lower Red-2017","Lower Red",4003502,"nhdhr_120020981","nhdhr_120020981","MN",24.7357744905644,-93.5243029118,46.7428028792,2011-10-05,-0.442912369655919,-0.121839085868636,-0.3074041754052,0.360590742344819,-0.420916424240034,0.0311781863918334,-0.124484966546009,0.0808731258115069,-0.44025241082316,-0.346787440981159,-0.24562818905331
"306","Lower Red-2017","BUB_Y",4.3346212444672,0.527248807832018,0.472751192167982,"Lower Red-2017","Lower Red",4003502,"nhdhr_120020981","nhdhr_120020981","MN",24.7357744905644,-93.5243029118,46.7428028792,2011-10-05,-0.442912369655919,-0.121839085868636,-0.3074041754052,0.360590742344819,-0.420916424240034,0.0311781863918334,-0.124484966546009,0.0808731258115069,-0.44025241082316,-0.346787440981159,-0.24562818905331
"307","Lower Red-2017","LMB_Y",4.65477624149136,0.537986335103622,0.462013664896378,"Lower Red-2017","Lower Red",4003502,"nhdhr_120020981","nhdhr_120020981","MN",24.7357744905644,-93.5243029118,46.7428028792,2011-10-05,-0.442912369655919,-0.121839085868636,-0.3074041754052,0.360590742344819,-0.420916424240034,0.0311781863918334,-0.124484966546009,0.0808731258115069,-0.44025241082316,-0.346787440981159,-0.24562818905331
"308","Lower Red-2017","QBS_Y",2.21872208148788,0.945511942280525,0.054488057719475,"Lower Red-2017","Lower Red",4003502,"nhdhr_120020981","nhdhr_120020981","MN",24.7357744905644,-93.5243029118,46.7428028792,2011-10-05,-0.442912369655919,-0.121839085868636,-0.3074041754052,0.360590742344819,-0.420916424240034,0.0311781863918334,-0.124484966546009,0.0808731258115069,-0.44025241082316,-0.346787440981159,-0.24562818905331
"309","Lower Red-2017","EMS_Y",2.65431427268659,0.85409348462147,0.14590651537853,"Lower Red-2017","Lower Red",4003502,"nhdhr_120020981","nhdhr_120020981","MN",24.7357744905644,-93.5243029118,46.7428028792,2011-10-05,-0.442912369655919,-0.121839085868636,-0.3074041754052,0.360590742344819,-0.420916424240034,0.0311781863918334,-0.124484966546009,0.0808731258115069,-0.44025241082316,-0.346787440981159,-0.24562818905331
"310","Lower Red-2017","SPO_Y",2.87352074699227,0.801547180999518,0.198452819000482,"Lower Red-2017","Lower Red",4003502,"nhdhr_120020981","nhdhr_120020981","MN",24.7357744905644,-93.5243029118,46.7428028792,2011-10-05,-0.442912369655919,-0.121839085868636,-0.3074041754052,0.360590742344819,-0.420916424240034,0.0311781863918334,-0.124484966546009,0.0808731258115069,-0.44025241082316,-0.346787440981159,-0.24562818905331
"311","Lower Red-2017","TRP_Y",3.31324997020144,0.703167281362872,0.296832718637128,"Lower Red-2017","Lower Red",4003502,"nhdhr_120020981","nhdhr_120020981","MN",24.7357744905644,-93.5243029118,46.7428028792,2011-10-05,-0.442912369655919,-0.121839085868636,-0.3074041754052,0.360590742344819,-0.420916424240034,0.0311781863918334,-0.124484966546009,0.0808731258115069,-0.44025241082316,-0.346787440981159,-0.24562818905331
"312","Melissa-2019","WAE",3.86075879979061,0.685790188095474,0.314209811904526,"Melissa-2019","Melissa",3047500,"nhdhr_120018510","nhdhr_120018510","MN",25.2881443078161,-95.8972319995,46.7424907292,2011-10-08,-0.213694230541312,0.1825676639051,-0.166461161524193,-0.245225572759243,-0.741665875157554,0.359550139971131,0.897052213348157,2.28833164043575,1.02992563248752,0.75057411202224,-0.117358737672626
"313","Melissa-2019","YEP",3.25756432315374,0.515530690516127,0.484469309483873,"Melissa-2019","Melissa",3047500,"nhdhr_120018510","nhdhr_120018510","MN",25.2881443078161,-95.8972319995,46.7424907292,2011-10-08,-0.213694230541312,0.1825676639051,-0.166461161524193,-0.245225572759243,-0.741665875157554,0.359550139971131,0.897052213348157,2.28833164043575,1.02992563248752,0.75057411202224,-0.117358737672626
"314","Melissa-2019","BLG",3.01598373883111,0.467431930132217,0.532568069867783,"Melissa-2019","Melissa",3047500,"nhdhr_120018510","nhdhr_120018510","MN",25.2881443078161,-95.8972319995,46.7424907292,2011-10-08,-0.213694230541312,0.1825676639051,-0.166461161524193,-0.245225572759243,-0.741665875157554,0.359550139971131,0.897052213348157,2.28833164043575,1.02992563248752,0.75057411202224,-0.117358737672626
"315","Melissa-2019","LMB",3.95295130728894,0.606520843683264,0.393479156316736,"Melissa-2019","Melissa",3047500,"nhdhr_120018510","nhdhr_120018510","MN",25.2881443078161,-95.8972319995,46.7424907292,2011-10-08,-0.213694230541312,0.1825676639051,-0.166461161524193,-0.245225572759243,-0.741665875157554,0.359550139971131,0.897052213348157,2.28833164043575,1.02992563248752,0.75057411202224,-0.117358737672626
"316","Melissa-2019","BLC",3.73591196063057,0.697768237064699,0.302231762935301,"Melissa-2019","Melissa",3047500,"nhdhr_120018510","nhdhr_120018510","MN",25.2881443078161,-95.8972319995,46.7424907292,2011-10-08,-0.213694230541312,0.1825676639051,-0.166461161524193,-0.245225572759243,-0.741665875157554,0.359550139971131,0.897052213348157,2.28833164043575,1.02992563248752,0.75057411202224,-0.117358737672626
"317","Melissa-2019","CIS",3.62923961786159,0.687381320541689,0.312618679458311,"Melissa-2019","Melissa",3047500,"nhdhr_120018510","nhdhr_120018510","MN",25.2881443078161,-95.8972319995,46.7424907292,2011-10-08,-0.213694230541312,0.1825676639051,-0.166461161524193,-0.245225572759243,-0.741665875157554,0.359550139971131,0.897052213348157,2.28833164043575,1.02992563248752,0.75057411202224,-0.117358737672626
"318","Melissa-2019","NOP",3.88660964949062,0.534571526815905,0.465428473184095,"Melissa-2019","Melissa",3047500,"nhdhr_120018510","nhdhr_120018510","MN",25.2881443078161,-95.8972319995,46.7424907292,2011-10-08,-0.213694230541312,0.1825676639051,-0.166461161524193,-0.245225572759243,-0.741665875157554,0.359550139971131,0.897052213348157,2.28833164043575,1.02992563248752,0.75057411202224,-0.117358737672626
"319","Melissa-2019","YEP_Y",2.9513884925627,0.630299783020335,0.369700216979665,"Melissa-2019","Melissa",3047500,"nhdhr_120018510","nhdhr_120018510","MN",25.2881443078161,-95.8972319995,46.7424907292,2011-10-08,-0.213694230541312,0.1825676639051,-0.166461161524193,-0.245225572759243,-0.741665875157554,0.359550139971131,0.897052213348157,2.28833164043575,1.02992563248752,0.75057411202224,-0.117358737672626
"320","Melissa-2019","LMB_Y",3.07289610316462,0.499360788315834,0.500639211684166,"Melissa-2019","Melissa",3047500,"nhdhr_120018510","nhdhr_120018510","MN",25.2881443078161,-95.8972319995,46.7424907292,2011-10-08,-0.213694230541312,0.1825676639051,-0.166461161524193,-0.245225572759243,-0.741665875157554,0.359550139971131,0.897052213348157,2.28833164043575,1.02992563248752,0.75057411202224,-0.117358737672626
"321","Melissa-2019","BKF",3.28622184234188,0.277380070609652,0.722619929390348,"Melissa-2019","Melissa",3047500,"nhdhr_120018510","nhdhr_120018510","MN",25.2881443078161,-95.8972319995,46.7424907292,2011-10-08,-0.213694230541312,0.1825676639051,-0.166461161524193,-0.245225572759243,-0.741665875157554,0.359550139971131,0.897052213348157,2.28833164043575,1.02992563248752,0.75057411202224,-0.117358737672626
"322","Melissa-2019","SPO",3.02283183219478,0.235619353986578,0.764380646013422,"Melissa-2019","Melissa",3047500,"nhdhr_120018510","nhdhr_120018510","MN",25.2881443078161,-95.8972319995,46.7424907292,2011-10-08,-0.213694230541312,0.1825676639051,-0.166461161524193,-0.245225572759243,-0.741665875157554,0.359550139971131,0.897052213348157,2.28833164043575,1.02992563248752,0.75057411202224,-0.117358737672626
"323","Melissa-2019","BCS",2.67318384829437,0.399303149936057,0.600696850063943,"Melissa-2019","Melissa",3047500,"nhdhr_120018510","nhdhr_120018510","MN",25.2881443078161,-95.8972319995,46.7424907292,2011-10-08,-0.213694230541312,0.1825676639051,-0.166461161524193,-0.245225572759243,-0.741665875157554,0.359550139971131,0.897052213348157,2.28833164043575,1.02992563248752,0.75057411202224,-0.117358737672626
"324","Mille Lacs-2017","TLC",3.20786060490496,0.979261884234887,0.0207381157651128,"Mille Lacs-2017","Mille Lacs",48000200,"nhdhr_120019294","nhdhr_120019294","MN",24.4580964259593,-93.6460816207,46.2423943448,2011-10-07,-0.540807616569449,5.18301460610658,-0.179549269369624,0.743218232767434,-0.0427247610377612,0.132289766902025,0.839116924065554,5.37331533849696,0.144296612847895,0.346219241420757,-0.139060722360593
"325","Mille Lacs-2017","SCU",2.95466324786461,0.381386639006274,0.618613360993726,"Mille Lacs-2017","Mille Lacs",48000200,"nhdhr_120019294","nhdhr_120019294","MN",24.4580964259593,-93.6460816207,46.2423943448,2011-10-07,-0.540807616569449,5.18301460610658,-0.179549269369624,0.743218232767434,-0.0427247610377612,0.132289766902025,0.839116924065554,5.37331533849696,0.144296612847895,0.346219241420757,-0.139060722360593
"326","Mille Lacs-2017","LMB",3.54639108997001,0.616756161815114,0.383243838184886,"Mille Lacs-2017","Mille Lacs",48000200,"nhdhr_120019294","nhdhr_120019294","MN",24.4580964259593,-93.6460816207,46.2423943448,2011-10-07,-0.540807616569449,5.18301460610658,-0.179549269369624,0.743218232767434,-0.0427247610377612,0.132289766902025,0.839116924065554,5.37331533849696,0.144296612847895,0.346219241420757,-0.139060722360593
"327","Mille Lacs-2017","BOF",3.04199194619436,0.68302390823402,0.31697609176598,"Mille Lacs-2017","Mille Lacs",48000200,"nhdhr_120019294","nhdhr_120019294","MN",24.4580964259593,-93.6460816207,46.2423943448,2011-10-07,-0.540807616569449,5.18301460610658,-0.179549269369624,0.743218232767434,-0.0427247610377612,0.132289766902025,0.839116924065554,5.37331533849696,0.144296612847895,0.346219241420757,-0.139060722360593
"328","Mille Lacs-2017","NOP",3.51510412837783,0.72006253632263,0.27993746367737,"Mille Lacs-2017","Mille Lacs",48000200,"nhdhr_120019294","nhdhr_120019294","MN",24.4580964259593,-93.6460816207,46.2423943448,2011-10-07,-0.540807616569449,5.18301460610658,-0.179549269369624,0.743218232767434,-0.0427247610377612,0.132289766902025,0.839116924065554,5.37331533849696,0.144296612847895,0.346219241420757,-0.139060722360593
"329","Mille Lacs-2017","WAE",3.89118492991172,0.714525384235928,0.285474615764072,"Mille Lacs-2017","Mille Lacs",48000200,"nhdhr_120019294","nhdhr_120019294","MN",24.4580964259593,-93.6460816207,46.2423943448,2011-10-07,-0.540807616569449,5.18301460610658,-0.179549269369624,0.743218232767434,-0.0427247610377612,0.132289766902025,0.839116924065554,5.37331533849696,0.144296612847895,0.346219241420757,-0.139060722360593
"330","Mille Lacs-2017","YEP",3.28428260425127,0.741075609421668,0.258924390578332,"Mille Lacs-2017","Mille Lacs",48000200,"nhdhr_120019294","nhdhr_120019294","MN",24.4580964259593,-93.6460816207,46.2423943448,2011-10-07,-0.540807616569449,5.18301460610658,-0.179549269369624,0.743218232767434,-0.0427247610377612,0.132289766902025,0.839116924065554,5.37331533849696,0.144296612847895,0.346219241420757,-0.139060722360593
"331","Mille Lacs-2017","SMB",3.82361546413127,0.434096592474009,0.565903407525991,"Mille Lacs-2017","Mille Lacs",48000200,"nhdhr_120019294","nhdhr_120019294","MN",24.4580964259593,-93.6460816207,46.2423943448,2011-10-07,-0.540807616569449,5.18301460610658,-0.179549269369624,0.743218232767434,-0.0427247610377612,0.132289766902025,0.839116924065554,5.37331533849696,0.144296612847895,0.346219241420757,-0.139060722360593
"332","Mille Lacs-2017","RKB",3.52795845399777,0.307002734527498,0.692997265472502,"Mille Lacs-2017","Mille Lacs",48000200,"nhdhr_120019294","nhdhr_120019294","MN",24.4580964259593,-93.6460816207,46.2423943448,2011-10-07,-0.540807616569449,5.18301460610658,-0.179549269369624,0.743218232767434,-0.0427247610377612,0.132289766902025,0.839116924065554,5.37331533849696,0.144296612847895,0.346219241420757,-0.139060722360593
"333","Mille Lacs-2017","WTS",2.79824869707678,0.379465959912037,0.620534040087963,"Mille Lacs-2017","Mille Lacs",48000200,"nhdhr_120019294","nhdhr_120019294","MN",24.4580964259593,-93.6460816207,46.2423943448,2011-10-07,-0.540807616569449,5.18301460610658,-0.179549269369624,0.743218232767434,-0.0427247610377612,0.132289766902025,0.839116924065554,5.37331533849696,0.144296612847895,0.346219241420757,-0.139060722360593
"334","Mille Lacs-2017","BLC",3.05853557973999,0.700590859321679,0.299409140678321,"Mille Lacs-2017","Mille Lacs",48000200,"nhdhr_120019294","nhdhr_120019294","MN",24.4580964259593,-93.6460816207,46.2423943448,2011-10-07,-0.540807616569449,5.18301460610658,-0.179549269369624,0.743218232767434,-0.0427247610377612,0.132289766902025,0.839116924065554,5.37331533849696,0.144296612847895,0.346219241420757,-0.139060722360593
"335","Mille Lacs-2017","BLG",2.82002502892658,0.345625834412772,0.654374165587228,"Mille Lacs-2017","Mille Lacs",48000200,"nhdhr_120019294","nhdhr_120019294","MN",24.4580964259593,-93.6460816207,46.2423943448,2011-10-07,-0.540807616569449,5.18301460610658,-0.179549269369624,0.743218232767434,-0.0427247610377612,0.132289766902025,0.839116924065554,5.37331533849696,0.144296612847895,0.346219241420757,-0.139060722360593
"336","Mille Lacs-2017","PMK",3.47093421669644,0.291053412651056,0.708946587348944,"Mille Lacs-2017","Mille Lacs",48000200,"nhdhr_120019294","nhdhr_120019294","MN",24.4580964259593,-93.6460816207,46.2423943448,2011-10-07,-0.540807616569449,5.18301460610658,-0.179549269369624,0.743218232767434,-0.0427247610377612,0.132289766902025,0.839116924065554,5.37331533849696,0.144296612847895,0.346219241420757,-0.139060722360593
"337","Mille Lacs-2017","HSF",4.72346734183519,0.501525601396927,0.498474398603073,"Mille Lacs-2017","Mille Lacs",48000200,"nhdhr_120019294","nhdhr_120019294","MN",24.4580964259593,-93.6460816207,46.2423943448,2011-10-07,-0.540807616569449,5.18301460610658,-0.179549269369624,0.743218232767434,-0.0427247610377612,0.132289766902025,0.839116924065554,5.37331533849696,0.144296612847895,0.346219241420757,-0.139060722360593
"338","Mille Lacs-2017","YEB",3.19272031991005,0.288853048253264,0.711146951746736,"Mille Lacs-2017","Mille Lacs",48000200,"nhdhr_120019294","nhdhr_120019294","MN",24.4580964259593,-93.6460816207,46.2423943448,2011-10-07,-0.540807616569449,5.18301460610658,-0.179549269369624,0.743218232767434,-0.0427247610377612,0.132289766902025,0.839116924065554,5.37331533849696,0.144296612847895,0.346219241420757,-0.139060722360593
"339","Mille Lacs-2017","CAP",4.77569019511887,0.519656471007497,0.480343528992503,"Mille Lacs-2017","Mille Lacs",48000200,"nhdhr_120019294","nhdhr_120019294","MN",24.4580964259593,-93.6460816207,46.2423943448,2011-10-07,-0.540807616569449,5.18301460610658,-0.179549269369624,0.743218232767434,-0.0427247610377612,0.132289766902025,0.839116924065554,5.37331533849696,0.144296612847895,0.346219241420757,-0.139060722360593
"340","Mille Lacs-2017","MUE",4.73017471220746,0.597631407621973,0.402368592378027,"Mille Lacs-2017","Mille Lacs",48000200,"nhdhr_120019294","nhdhr_120019294","MN",24.4580964259593,-93.6460816207,46.2423943448,2011-10-07,-0.540807616569449,5.18301460610658,-0.179549269369624,0.743218232767434,-0.0427247610377612,0.132289766902025,0.839116924065554,5.37331533849696,0.144296612847895,0.346219241420757,-0.139060722360593
"341","Mille Lacs-2017","BUB",4.7729701990753,0.438436147153562,0.561563852846438,"Mille Lacs-2017","Mille Lacs",48000200,"nhdhr_120019294","nhdhr_120019294","MN",24.4580964259593,-93.6460816207,46.2423943448,2011-10-07,-0.540807616569449,5.18301460610658,-0.179549269369624,0.743218232767434,-0.0427247610377612,0.132289766902025,0.839116924065554,5.37331533849696,0.144296612847895,0.346219241420757,-0.139060722360593
"342","Mille Lacs-2017","BNM",3.06499101902146,0.300844396819614,0.699155603180386,"Mille Lacs-2017","Mille Lacs",48000200,"nhdhr_120019294","nhdhr_120019294","MN",24.4580964259593,-93.6460816207,46.2423943448,2011-10-07,-0.540807616569449,5.18301460610658,-0.179549269369624,0.743218232767434,-0.0427247610377612,0.132289766902025,0.839116924065554,5.37331533849696,0.144296612847895,0.346219241420757,-0.139060722360593
"343","Mille Lacs-2017","SPO",2.85730025296922,0.500906489956631,0.499093510043369,"Mille Lacs-2017","Mille Lacs",48000200,"nhdhr_120019294","nhdhr_120019294","MN",24.4580964259593,-93.6460816207,46.2423943448,2011-10-07,-0.540807616569449,5.18301460610658,-0.179549269369624,0.743218232767434,-0.0427247610377612,0.132289766902025,0.839116924065554,5.37331533849696,0.144296612847895,0.346219241420757,-0.139060722360593
"344","Mille Lacs-2017","BKF",2.80113496322336,0.0830866882169854,0.916913311783015,"Mille Lacs-2017","Mille Lacs",48000200,"nhdhr_120019294","nhdhr_120019294","MN",24.4580964259593,-93.6460816207,46.2423943448,2011-10-07,-0.540807616569449,5.18301460610658,-0.179549269369624,0.743218232767434,-0.0427247610377612,0.132289766902025,0.839116924065554,5.37331533849696,0.144296612847895,0.346219241420757,-0.139060722360593
"345","Mille Lacs-2017","SHI",2.84566901390133,0.641596848697838,0.358403151302162,"Mille Lacs-2017","Mille Lacs",48000200,"nhdhr_120019294","nhdhr_120019294","MN",24.4580964259593,-93.6460816207,46.2423943448,2011-10-07,-0.540807616569449,5.18301460610658,-0.179549269369624,0.743218232767434,-0.0427247610377612,0.132289766902025,0.839116924065554,5.37331533849696,0.144296612847895,0.346219241420757,-0.139060722360593
"346","Mille Lacs-2017","LGP",2.97648968460526,0.310610033826458,0.689389966173542,"Mille Lacs-2017","Mille Lacs",48000200,"nhdhr_120019294","nhdhr_120019294","MN",24.4580964259593,-93.6460816207,46.2423943448,2011-10-07,-0.540807616569449,5.18301460610658,-0.179549269369624,0.743218232767434,-0.0427247610377612,0.132289766902025,0.839116924065554,5.37331533849696,0.144296612847895,0.346219241420757,-0.139060722360593
"347","Mille Lacs-2017","BKS",4.53547176634541,0.584844328739499,0.415155671260501,"Mille Lacs-2017","Mille Lacs",48000200,"nhdhr_120019294","nhdhr_120019294","MN",24.4580964259593,-93.6460816207,46.2423943448,2011-10-07,-0.540807616569449,5.18301460610658,-0.179549269369624,0.743218232767434,-0.0427247610377612,0.132289766902025,0.839116924065554,5.37331533849696,0.144296612847895,0.346219241420757,-0.139060722360593
"348","Mille Lacs-2017","LGP_Y",3.15567866862754,0.378736195653045,0.621263804346955,"Mille Lacs-2017","Mille Lacs",48000200,"nhdhr_120019294","nhdhr_120019294","MN",24.4580964259593,-93.6460816207,46.2423943448,2011-10-07,-0.540807616569449,5.18301460610658,-0.179549269369624,0.743218232767434,-0.0427247610377612,0.132289766902025,0.839116924065554,5.37331533849696,0.144296612847895,0.346219241420757,-0.139060722360593
"349","Mille Lacs-2017","LMB_Y",2.95192490615042,0.528424372550877,0.471575627449123,"Mille Lacs-2017","Mille Lacs",48000200,"nhdhr_120019294","nhdhr_120019294","MN",24.4580964259593,-93.6460816207,46.2423943448,2011-10-07,-0.540807616569449,5.18301460610658,-0.179549269369624,0.743218232767434,-0.0427247610377612,0.132289766902025,0.839116924065554,5.37331533849696,0.144296612847895,0.346219241420757,-0.139060722360593
"350","Mille Lacs-2017","SMB_Y",2.8348458195859,0.0390528051429001,0.9609471948571,"Mille Lacs-2017","Mille Lacs",48000200,"nhdhr_120019294","nhdhr_120019294","MN",24.4580964259593,-93.6460816207,46.2423943448,2011-10-07,-0.540807616569449,5.18301460610658,-0.179549269369624,0.743218232767434,-0.0427247610377612,0.132289766902025,0.839116924065554,5.37331533849696,0.144296612847895,0.346219241420757,-0.139060722360593
"351","Mille Lacs-2017","WAE_Y",3.36066030526043,0.54252524721022,0.45747475278978,"Mille Lacs-2017","Mille Lacs",48000200,"nhdhr_120019294","nhdhr_120019294","MN",24.4580964259593,-93.6460816207,46.2423943448,2011-10-07,-0.540807616569449,5.18301460610658,-0.179549269369624,0.743218232767434,-0.0427247610377612,0.132289766902025,0.839116924065554,5.37331533849696,0.144296612847895,0.346219241420757,-0.139060722360593
"352","Mille Lacs-2017","YEP_Y",2.98239800453033,0.49827609246969,0.50172390753031,"Mille Lacs-2017","Mille Lacs",48000200,"nhdhr_120019294","nhdhr_120019294","MN",24.4580964259593,-93.6460816207,46.2423943448,2011-10-07,-0.540807616569449,5.18301460610658,-0.179549269369624,0.743218232767434,-0.0427247610377612,0.132289766902025,0.839116924065554,5.37331533849696,0.144296612847895,0.346219241420757,-0.139060722360593
"353","Mille Lacs-2017","TLC_Y",2.96258980611929,0.963099998114062,0.0369000018859382,"Mille Lacs-2017","Mille Lacs",48000200,"nhdhr_120019294","nhdhr_120019294","MN",24.4580964259593,-93.6460816207,46.2423943448,2011-10-07,-0.540807616569449,5.18301460610658,-0.179549269369624,0.743218232767434,-0.0427247610377612,0.132289766902025,0.839116924065554,5.37331533849696,0.144296612847895,0.346219241420757,-0.139060722360593
"354","Mille Lacs-2017","BKS_Y",4.61900550709876,0.522360968791512,0.477639031208488,"Mille Lacs-2017","Mille Lacs",48000200,"nhdhr_120019294","nhdhr_120019294","MN",24.4580964259593,-93.6460816207,46.2423943448,2011-10-07,-0.540807616569449,5.18301460610658,-0.179549269369624,0.743218232767434,-0.0427247610377612,0.132289766902025,0.839116924065554,5.37331533849696,0.144296612847895,0.346219241420757,-0.139060722360593
"355","Mille Lacs-2017","GSF_Y",3.01394316442823,0.0906151383196823,0.909384861680318,"Mille Lacs-2017","Mille Lacs",48000200,"nhdhr_120019294","nhdhr_120019294","MN",24.4580964259593,-93.6460816207,46.2423943448,2011-10-07,-0.540807616569449,5.18301460610658,-0.179549269369624,0.743218232767434,-0.0427247610377612,0.132289766902025,0.839116924065554,5.37331533849696,0.144296612847895,0.346219241420757,-0.139060722360593
"356","Mille Lacs-2017","PMK_Y",2.76441294124422,0.132015172964524,0.867984827035476,"Mille Lacs-2017","Mille Lacs",48000200,"nhdhr_120019294","nhdhr_120019294","MN",24.4580964259593,-93.6460816207,46.2423943448,2011-10-07,-0.540807616569449,5.18301460610658,-0.179549269369624,0.743218232767434,-0.0427247610377612,0.132289766902025,0.839116924065554,5.37331533849696,0.144296612847895,0.346219241420757,-0.139060722360593
"357","Mille Lacs-2017","RKB_Y",2.86373211920456,0.15435351818274,0.84564648181726,"Mille Lacs-2017","Mille Lacs",48000200,"nhdhr_120019294","nhdhr_120019294","MN",24.4580964259593,-93.6460816207,46.2423943448,2011-10-07,-0.540807616569449,5.18301460610658,-0.179549269369624,0.743218232767434,-0.0427247610377612,0.132289766902025,0.839116924065554,5.37331533849696,0.144296612847895,0.346219241420757,-0.139060722360593
"358","Mille Lacs-2017","SPO_Y",2.85921396903273,0.5232871063022,0.4767128936978,"Mille Lacs-2017","Mille Lacs",48000200,"nhdhr_120019294","nhdhr_120019294","MN",24.4580964259593,-93.6460816207,46.2423943448,2011-10-07,-0.540807616569449,5.18301460610658,-0.179549269369624,0.743218232767434,-0.0427247610377612,0.132289766902025,0.839116924065554,5.37331533849696,0.144296612847895,0.346219241420757,-0.139060722360593
"359","Mille Lacs-2017","WTS_Y",4.59509619913488,0.579552088859216,0.420447911140784,"Mille Lacs-2017","Mille Lacs",48000200,"nhdhr_120019294","nhdhr_120019294","MN",24.4580964259593,-93.6460816207,46.2423943448,2011-10-07,-0.540807616569449,5.18301460610658,-0.179549269369624,0.743218232767434,-0.0427247610377612,0.132289766902025,0.839116924065554,5.37331533849696,0.144296612847895,0.346219241420757,-0.139060722360593
"360","North Lida-2021","WAE",4.04025321442546,0.846078479177983,0.153921520822017,"North Lida-2021","North Lida",56074701,"nhdhr_120018561","nhdhr_120018561","MN",25.0332833223332,-95.9685211132,46.5803752285,2011-10-09,-0.584163021171719,0.920738695061062,-0.23919922818905,0.950087436438265,0.0329083512640021,0.317179631670096,0.979051906768129,3.07260894599234,0.336395368906781,0.934591135812529,-0.154179677373257
"361","North Lida-2021","LMB",4.14163804661399,0.823617367328118,0.176382632671882,"North Lida-2021","North Lida",56074701,"nhdhr_120018561","nhdhr_120018561","MN",25.0332833223332,-95.9685211132,46.5803752285,2011-10-09,-0.584163021171719,0.920738695061062,-0.23919922818905,0.950087436438265,0.0329083512640021,0.317179631670096,0.979051906768129,3.07260894599234,0.336395368906781,0.934591135812529,-0.154179677373257
"362","North Lida-2021","NOP",3.85542673443055,0.855343458261649,0.144656541738351,"North Lida-2021","North Lida",56074701,"nhdhr_120018561","nhdhr_120018561","MN",25.0332833223332,-95.9685211132,46.5803752285,2011-10-09,-0.584163021171719,0.920738695061062,-0.23919922818905,0.950087436438265,0.0329083512640021,0.317179631670096,0.979051906768129,3.07260894599234,0.336395368906781,0.934591135812529,-0.154179677373257
"363","North Lida-2021","BLC",3.57561152597134,0.828536785480413,0.171463214519587,"North Lida-2021","North Lida",56074701,"nhdhr_120018561","nhdhr_120018561","MN",25.0332833223332,-95.9685211132,46.5803752285,2011-10-09,-0.584163021171719,0.920738695061062,-0.23919922818905,0.950087436438265,0.0329083512640021,0.317179631670096,0.979051906768129,3.07260894599234,0.336395368906781,0.934591135812529,-0.154179677373257
"364","North Lida-2021","YEP",3.59683161923422,0.839533357421386,0.160466642578614,"North Lida-2021","North Lida",56074701,"nhdhr_120018561","nhdhr_120018561","MN",25.0332833223332,-95.9685211132,46.5803752285,2011-10-09,-0.584163021171719,0.920738695061062,-0.23919922818905,0.950087436438265,0.0329083512640021,0.317179631670096,0.979051906768129,3.07260894599234,0.336395368906781,0.934591135812529,-0.154179677373257
"365","North Lida-2021","SMB",3.88522297471402,0.837762889017314,0.162237110982686,"North Lida-2021","North Lida",56074701,"nhdhr_120018561","nhdhr_120018561","MN",25.0332833223332,-95.9685211132,46.5803752285,2011-10-09,-0.584163021171719,0.920738695061062,-0.23919922818905,0.950087436438265,0.0329083512640021,0.317179631670096,0.979051906768129,3.07260894599234,0.336395368906781,0.934591135812529,-0.154179677373257
"366","North Lida-2021","BLG",3.41575576129695,0.74609135196458,0.25390864803542,"North Lida-2021","North Lida",56074701,"nhdhr_120018561","nhdhr_120018561","MN",25.0332833223332,-95.9685211132,46.5803752285,2011-10-09,-0.584163021171719,0.920738695061062,-0.23919922818905,0.950087436438265,0.0329083512640021,0.317179631670096,0.979051906768129,3.07260894599234,0.336395368906781,0.934591135812529,-0.154179677373257
"367","North Lida-2021","WTS",3.26909098058902,0.666155545075419,0.333844454924581,"North Lida-2021","North Lida",56074701,"nhdhr_120018561","nhdhr_120018561","MN",25.0332833223332,-95.9685211132,46.5803752285,2011-10-09,-0.584163021171719,0.920738695061062,-0.23919922818905,0.950087436438265,0.0329083512640021,0.317179631670096,0.979051906768129,3.07260894599234,0.336395368906781,0.934591135812529,-0.154179677373257
"368","North Lida-2021","LMB_Y",3.5421693190127,0.713701325238642,0.286298674761358,"North Lida-2021","North Lida",56074701,"nhdhr_120018561","nhdhr_120018561","MN",25.0332833223332,-95.9685211132,46.5803752285,2011-10-09,-0.584163021171719,0.920738695061062,-0.23919922818905,0.950087436438265,0.0329083512640021,0.317179631670096,0.979051906768129,3.07260894599234,0.336395368906781,0.934591135812529,-0.154179677373257
"369","North Lida-2021","BLG_Y",3.192185935738,0.796058527820839,0.203941472179161,"North Lida-2021","North Lida",56074701,"nhdhr_120018561","nhdhr_120018561","MN",25.0332833223332,-95.9685211132,46.5803752285,2011-10-09,-0.584163021171719,0.920738695061062,-0.23919922818905,0.950087436438265,0.0329083512640021,0.317179631670096,0.979051906768129,3.07260894599234,0.336395368906781,0.934591135812529,-0.154179677373257
"370","North Lida-2021","YEP_Y",3.22573315260959,0.827132474869334,0.172867525130666,"North Lida-2021","North Lida",56074701,"nhdhr_120018561","nhdhr_120018561","MN",25.0332833223332,-95.9685211132,46.5803752285,2011-10-09,-0.584163021171719,0.920738695061062,-0.23919922818905,0.950087436438265,0.0329083512640021,0.317179631670096,0.979051906768129,3.07260894599234,0.336395368906781,0.934591135812529,-0.154179677373257
"371","North Lida-2021","SPO",2.71253905345133,0.849096300158735,0.150903699841265,"North Lida-2021","North Lida",56074701,"nhdhr_120018561","nhdhr_120018561","MN",25.0332833223332,-95.9685211132,46.5803752285,2011-10-09,-0.584163021171719,0.920738695061062,-0.23919922818905,0.950087436438265,0.0329083512640021,0.317179631670096,0.979051906768129,3.07260894599234,0.336395368906781,0.934591135812529,-0.154179677373257
"372","North Lida-2021","BLC_Y",3.72276101913618,0.663294132043437,0.336705867956563,"North Lida-2021","North Lida",56074701,"nhdhr_120018561","nhdhr_120018561","MN",25.0332833223332,-95.9685211132,46.5803752285,2011-10-09,-0.584163021171719,0.920738695061062,-0.23919922818905,0.950087436438265,0.0329083512640021,0.317179631670096,0.979051906768129,3.07260894599234,0.336395368906781,0.934591135812529,-0.154179677373257
"373","North Lida-2021","RKB_Y",3.37075625163958,0.405150560961229,0.594849439038771,"North Lida-2021","North Lida",56074701,"nhdhr_120018561","nhdhr_120018561","MN",25.0332833223332,-95.9685211132,46.5803752285,2011-10-09,-0.584163021171719,0.920738695061062,-0.23919922818905,0.950087436438265,0.0329083512640021,0.317179631670096,0.979051906768129,3.07260894599234,0.336395368906781,0.934591135812529,-0.154179677373257
"374","North Lida-2021","GOS",3.17988525647051,0.533218828223532,0.466781171776468,"North Lida-2021","North Lida",56074701,"nhdhr_120018561","nhdhr_120018561","MN",25.0332833223332,-95.9685211132,46.5803752285,2011-10-09,-0.584163021171719,0.920738695061062,-0.23919922818905,0.950087436438265,0.0329083512640021,0.317179631670096,0.979051906768129,3.07260894599234,0.336395368906781,0.934591135812529,-0.154179677373257
"375","North Lida-2021","BNM",2.98294356168373,0.739067456599289,0.260932543400711,"North Lida-2021","North Lida",56074701,"nhdhr_120018561","nhdhr_120018561","MN",25.0332833223332,-95.9685211132,46.5803752285,2011-10-09,-0.584163021171719,0.920738695061062,-0.23919922818905,0.950087436438265,0.0329083512640021,0.317179631670096,0.979051906768129,3.07260894599234,0.336395368906781,0.934591135812529,-0.154179677373257
"376","North Lida-2021","BKF",4.46146104817941,0.49252501343733,0.50747498656267,"North Lida-2021","North Lida",56074701,"nhdhr_120018561","nhdhr_120018561","MN",25.0332833223332,-95.9685211132,46.5803752285,2011-10-09,-0.584163021171719,0.920738695061062,-0.23919922818905,0.950087436438265,0.0329083512640021,0.317179631670096,0.979051906768129,3.07260894599234,0.336395368906781,0.934591135812529,-0.154179677373257
"377","North Lida-2021","SMB_Y",3.09461783504449,0.261122337044167,0.738877662955833,"North Lida-2021","North Lida",56074701,"nhdhr_120018561","nhdhr_120018561","MN",25.0332833223332,-95.9685211132,46.5803752285,2011-10-09,-0.584163021171719,0.920738695061062,-0.23919922818905,0.950087436438265,0.0329083512640021,0.317179631670096,0.979051906768129,3.07260894599234,0.336395368906781,0.934591135812529,-0.154179677373257
"378","North Lida-2021","FHM",5.426271988728,0.513289905625858,0.486710094374142,"North Lida-2021","North Lida",56074701,"nhdhr_120018561","nhdhr_120018561","MN",25.0332833223332,-95.9685211132,46.5803752285,2011-10-09,-0.584163021171719,0.920738695061062,-0.23919922818905,0.950087436438265,0.0329083512640021,0.317179631670096,0.979051906768129,3.07260894599234,0.336395368906781,0.934591135812529,-0.154179677373257
"379","North Lida-2021","LGP",3.62259751273465,0.394420354750252,0.605579645249748,"North Lida-2021","North Lida",56074701,"nhdhr_120018561","nhdhr_120018561","MN",25.0332833223332,-95.9685211132,46.5803752285,2011-10-09,-0.584163021171719,0.920738695061062,-0.23919922818905,0.950087436438265,0.0329083512640021,0.317179631670096,0.979051906768129,3.07260894599234,0.336395368906781,0.934591135812529,-0.154179677373257
"380","North Lida-2021","BNS",3.34157438390024,0.58249023751524,0.41750976248476,"North Lida-2021","North Lida",56074701,"nhdhr_120018561","nhdhr_120018561","MN",25.0332833223332,-95.9685211132,46.5803752285,2011-10-09,-0.584163021171719,0.920738695061062,-0.23919922818905,0.950087436438265,0.0329083512640021,0.317179631670096,0.979051906768129,3.07260894599234,0.336395368906781,0.934591135812529,-0.154179677373257
"381","North Lida-2021","MMS",3.22333007347423,0.76429427661748,0.23570572338252,"North Lida-2021","North Lida",56074701,"nhdhr_120018561","nhdhr_120018561","MN",25.0332833223332,-95.9685211132,46.5803752285,2011-10-09,-0.584163021171719,0.920738695061062,-0.23919922818905,0.950087436438265,0.0329083512640021,0.317179631670096,0.979051906768129,3.07260894599234,0.336395368906781,0.934591135812529,-0.154179677373257
"382","North Lida-2021","WAE_Y",3.51329324487856,0.835976628106314,0.164023371893686,"North Lida-2021","North Lida",56074701,"nhdhr_120018561","nhdhr_120018561","MN",25.0332833223332,-95.9685211132,46.5803752285,2011-10-09,-0.584163021171719,0.920738695061062,-0.23919922818905,0.950087436438265,0.0329083512640021,0.317179631670096,0.979051906768129,3.07260894599234,0.336395368906781,0.934591135812529,-0.154179677373257
"383","Pelican-2020","LMB",3.46027929537017,0.486430151382125,0.513569848617875,"Pelican-2020","Pelican",18030800,"nhdhr_120019932","nhdhr_120019932","MN",24.6095240591195,-94.1761012029,46.5762014002,2011-10-09,-0.677157222347601,1.46894251391658,-0.365121431066712,1.50445630280211,0.406298496453982,-0.00252567377823055,1.97994774405919,3.39267431476141,1.08694942571032,-0.625537696185505,-0.151548775171374
"384","Pelican-2020","NOP",3.82206396059499,0.397850935123191,0.602149064876809,"Pelican-2020","Pelican",18030800,"nhdhr_120019932","nhdhr_120019932","MN",24.6095240591195,-94.1761012029,46.5762014002,2011-10-09,-0.677157222347601,1.46894251391658,-0.365121431066712,1.50445630280211,0.406298496453982,-0.00252567377823055,1.97994774405919,3.39267431476141,1.08694942571032,-0.625537696185505,-0.151548775171374
"385","Pelican-2020","BLG",3.38878678587685,0.217201800123554,0.782798199876446,"Pelican-2020","Pelican",18030800,"nhdhr_120019932","nhdhr_120019932","MN",24.6095240591195,-94.1761012029,46.5762014002,2011-10-09,-0.677157222347601,1.46894251391658,-0.365121431066712,1.50445630280211,0.406298496453982,-0.00252567377823055,1.97994774405919,3.39267431476141,1.08694942571032,-0.625537696185505,-0.151548775171374
"386","Pelican-2020","BLC",3.45892779352397,0.484551458514842,0.515448541485158,"Pelican-2020","Pelican",18030800,"nhdhr_120019932","nhdhr_120019932","MN",24.6095240591195,-94.1761012029,46.5762014002,2011-10-09,-0.677157222347601,1.46894251391658,-0.365121431066712,1.50445630280211,0.406298496453982,-0.00252567377823055,1.97994774405919,3.39267431476141,1.08694942571032,-0.625537696185505,-0.151548775171374
"387","Pelican-2020","CIS",2.56482133765888,0.876134091084918,0.123865908915082,"Pelican-2020","Pelican",18030800,"nhdhr_120019932","nhdhr_120019932","MN",24.6095240591195,-94.1761012029,46.5762014002,2011-10-09,-0.677157222347601,1.46894251391658,-0.365121431066712,1.50445630280211,0.406298496453982,-0.00252567377823055,1.97994774405919,3.39267431476141,1.08694942571032,-0.625537696185505,-0.151548775171374
"388","Pelican-2020","WAE",3.69937579266946,0.415860522262921,0.584139477737079,"Pelican-2020","Pelican",18030800,"nhdhr_120019932","nhdhr_120019932","MN",24.6095240591195,-94.1761012029,46.5762014002,2011-10-09,-0.677157222347601,1.46894251391658,-0.365121431066712,1.50445630280211,0.406298496453982,-0.00252567377823055,1.97994774405919,3.39267431476141,1.08694942571032,-0.625537696185505,-0.151548775171374
"389","Pelican-2020","YEP",3.75847537180547,0.335051472113223,0.664948527886777,"Pelican-2020","Pelican",18030800,"nhdhr_120019932","nhdhr_120019932","MN",24.6095240591195,-94.1761012029,46.5762014002,2011-10-09,-0.677157222347601,1.46894251391658,-0.365121431066712,1.50445630280211,0.406298496453982,-0.00252567377823055,1.97994774405919,3.39267431476141,1.08694942571032,-0.625537696185505,-0.151548775171374
"390","Pelican-2020","YEP_Y",3.17200376105863,0.694329459920728,0.305670540079272,"Pelican-2020","Pelican",18030800,"nhdhr_120019932","nhdhr_120019932","MN",24.6095240591195,-94.1761012029,46.5762014002,2011-10-09,-0.677157222347601,1.46894251391658,-0.365121431066712,1.50445630280211,0.406298496453982,-0.00252567377823055,1.97994774405919,3.39267431476141,1.08694942571032,-0.625537696185505,-0.151548775171374
"391","Pelican-2020","SPO",2.84364962548747,0.371853886719928,0.628146113280072,"Pelican-2020","Pelican",18030800,"nhdhr_120019932","nhdhr_120019932","MN",24.6095240591195,-94.1761012029,46.5762014002,2011-10-09,-0.677157222347601,1.46894251391658,-0.365121431066712,1.50445630280211,0.406298496453982,-0.00252567377823055,1.97994774405919,3.39267431476141,1.08694942571032,-0.625537696185505,-0.151548775171374
"392","Pelican-2020","BMS",2.9553277850269,0.283048254193421,0.716951745806579,"Pelican-2020","Pelican",18030800,"nhdhr_120019932","nhdhr_120019932","MN",24.6095240591195,-94.1761012029,46.5762014002,2011-10-09,-0.677157222347601,1.46894251391658,-0.365121431066712,1.50445630280211,0.406298496453982,-0.00252567377823055,1.97994774405919,3.39267431476141,1.08694942571032,-0.625537696185505,-0.151548775171374
"393","Pelican-2020","BKF",2.86889379329928,0.271755963875266,0.728244036124734,"Pelican-2020","Pelican",18030800,"nhdhr_120019932","nhdhr_120019932","MN",24.6095240591195,-94.1761012029,46.5762014002,2011-10-09,-0.677157222347601,1.46894251391658,-0.365121431066712,1.50445630280211,0.406298496453982,-0.00252567377823055,1.97994774405919,3.39267431476141,1.08694942571032,-0.625537696185505,-0.151548775171374
"394","Pelican-2020","BLG_Y",2.97224952579894,0.561574995459472,0.438425004540528,"Pelican-2020","Pelican",18030800,"nhdhr_120019932","nhdhr_120019932","MN",24.6095240591195,-94.1761012029,46.5762014002,2011-10-09,-0.677157222347601,1.46894251391658,-0.365121431066712,1.50445630280211,0.406298496453982,-0.00252567377823055,1.97994774405919,3.39267431476141,1.08694942571032,-0.625537696185505,-0.151548775171374
"395","Pelican-2020","LMB_Y",4.72857374101516,0.455973368985575,0.544026631014425,"Pelican-2020","Pelican",18030800,"nhdhr_120019932","nhdhr_120019932","MN",24.6095240591195,-94.1761012029,46.5762014002,2011-10-09,-0.677157222347601,1.46894251391658,-0.365121431066712,1.50445630280211,0.406298496453982,-0.00252567377823055,1.97994774405919,3.39267431476141,1.08694942571032,-0.625537696185505,-0.151548775171374
"396","Plantagenet-2022","WAE",3.82951512289871,0.668047460654577,0.331952539345423,"Plantagenet-2022","Plantagenet",29015600,"nhdhr_120019497","nhdhr_120019497","MN",24.1487905760084,-94.92452275,47.3900114126,2011-10-12,-0.36663199112381,0.427864415369604,-0.543950066602707,0.123018806945159,-0.286056765801367,0.39903186351168,1.42348242211091,2.51232867531403,-0.526168504704037,-0.122934306686611,0.328768910246708
"397","Plantagenet-2022","YEP",3.21451118830637,0.633666532075158,0.366333467924842,"Plantagenet-2022","Plantagenet",29015600,"nhdhr_120019497","nhdhr_120019497","MN",24.1487905760084,-94.92452275,47.3900114126,2011-10-12,-0.36663199112381,0.427864415369604,-0.543950066602707,0.123018806945159,-0.286056765801367,0.39903186351168,1.42348242211091,2.51232867531403,-0.526168504704037,-0.122934306686611,0.328768910246708
"398","Plantagenet-2022","NOP",3.68881739332766,0.591567286303512,0.408432713696488,"Plantagenet-2022","Plantagenet",29015600,"nhdhr_120019497","nhdhr_120019497","MN",24.1487905760084,-94.92452275,47.3900114126,2011-10-12,-0.36663199112381,0.427864415369604,-0.543950066602707,0.123018806945159,-0.286056765801367,0.39903186351168,1.42348242211091,2.51232867531403,-0.526168504704037,-0.122934306686611,0.328768910246708
"399","Plantagenet-2022","WTS",2.82168991987888,0.703116399346557,0.296883600653443,"Plantagenet-2022","Plantagenet",29015600,"nhdhr_120019497","nhdhr_120019497","MN",24.1487905760084,-94.92452275,47.3900114126,2011-10-12,-0.36663199112381,0.427864415369604,-0.543950066602707,0.123018806945159,-0.286056765801367,0.39903186351168,1.42348242211091,2.51232867531403,-0.526168504704037,-0.122934306686611,0.328768910246708
"400","Plantagenet-2022","BLC",3.13656976190869,0.787180068132438,0.212819931867562,"Plantagenet-2022","Plantagenet",29015600,"nhdhr_120019497","nhdhr_120019497","MN",24.1487905760084,-94.92452275,47.3900114126,2011-10-12,-0.36663199112381,0.427864415369604,-0.543950066602707,0.123018806945159,-0.286056765801367,0.39903186351168,1.42348242211091,2.51232867531403,-0.526168504704037,-0.122934306686611,0.328768910246708
"401","Plantagenet-2022","SPO",2.79426027209808,0.718419368635392,0.281580631364608,"Plantagenet-2022","Plantagenet",29015600,"nhdhr_120019497","nhdhr_120019497","MN",24.1487905760084,-94.92452275,47.3900114126,2011-10-12,-0.36663199112381,0.427864415369604,-0.543950066602707,0.123018806945159,-0.286056765801367,0.39903186351168,1.42348242211091,2.51232867531403,-0.526168504704037,-0.122934306686611,0.328768910246708
"402","Plantagenet-2022","CSH",2.6928257146376,0.527264038144066,0.472735961855934,"Plantagenet-2022","Plantagenet",29015600,"nhdhr_120019497","nhdhr_120019497","MN",24.1487905760084,-94.92452275,47.3900114126,2011-10-12,-0.36663199112381,0.427864415369604,-0.543950066602707,0.123018806945159,-0.286056765801367,0.39903186351168,1.42348242211091,2.51232867531403,-0.526168504704037,-0.122934306686611,0.328768910246708
"403","Plantagenet-2022","MMS",2.90164551241179,0.771556845259953,0.228443154740047,"Plantagenet-2022","Plantagenet",29015600,"nhdhr_120019497","nhdhr_120019497","MN",24.1487905760084,-94.92452275,47.3900114126,2011-10-12,-0.36663199112381,0.427864415369604,-0.543950066602707,0.123018806945159,-0.286056765801367,0.39903186351168,1.42348242211091,2.51232867531403,-0.526168504704037,-0.122934306686611,0.328768910246708
"404","Plantagenet-2022","SMB",3.42119302539797,0.619329986013516,0.380670013986484,"Plantagenet-2022","Plantagenet",29015600,"nhdhr_120019497","nhdhr_120019497","MN",24.1487905760084,-94.92452275,47.3900114126,2011-10-12,-0.36663199112381,0.427864415369604,-0.543950066602707,0.123018806945159,-0.286056765801367,0.39903186351168,1.42348242211091,2.51232867531403,-0.526168504704037,-0.122934306686611,0.328768910246708
"405","Plantagenet-2022","PMK",2.76492210838735,0.588781980484192,0.411218019515808,"Plantagenet-2022","Plantagenet",29015600,"nhdhr_120019497","nhdhr_120019497","MN",24.1487905760084,-94.92452275,47.3900114126,2011-10-12,-0.36663199112381,0.427864415369604,-0.543950066602707,0.123018806945159,-0.286056765801367,0.39903186351168,1.42348242211091,2.51232867531403,-0.526168504704037,-0.122934306686611,0.328768910246708
"406","Plantagenet-2022","LGP",2.93728458837444,0.398344080492568,0.601655919507432,"Plantagenet-2022","Plantagenet",29015600,"nhdhr_120019497","nhdhr_120019497","MN",24.1487905760084,-94.92452275,47.3900114126,2011-10-12,-0.36663199112381,0.427864415369604,-0.543950066602707,0.123018806945159,-0.286056765801367,0.39903186351168,1.42348242211091,2.51232867531403,-0.526168504704037,-0.122934306686611,0.328768910246708
"407","Plantagenet-2022","BKF",4.71753497281701,0.43466191255319,0.56533808744681,"Plantagenet-2022","Plantagenet",29015600,"nhdhr_120019497","nhdhr_120019497","MN",24.1487905760084,-94.92452275,47.3900114126,2011-10-12,-0.36663199112381,0.427864415369604,-0.543950066602707,0.123018806945159,-0.286056765801367,0.39903186351168,1.42348242211091,2.51232867531403,-0.526168504704037,-0.122934306686611,0.328768910246708
"408","Plantagenet-2022","BCS",4.4839357343787,0.540375576786918,0.459624423213082,"Plantagenet-2022","Plantagenet",29015600,"nhdhr_120019497","nhdhr_120019497","MN",24.1487905760084,-94.92452275,47.3900114126,2011-10-12,-0.36663199112381,0.427864415369604,-0.543950066602707,0.123018806945159,-0.286056765801367,0.39903186351168,1.42348242211091,2.51232867531403,-0.526168504704037,-0.122934306686611,0.328768910246708
"409","Plantagenet-2022","BLG",2.45178686434457,0.655410587883169,0.344589412116831,"Plantagenet-2022","Plantagenet",29015600,"nhdhr_120019497","nhdhr_120019497","MN",24.1487905760084,-94.92452275,47.3900114126,2011-10-12,-0.36663199112381,0.427864415369604,-0.543950066602707,0.123018806945159,-0.286056765801367,0.39903186351168,1.42348242211091,2.51232867531403,-0.526168504704037,-0.122934306686611,0.328768910246708
"410","Potato-2022","SMB",3.89446071948,0.446689929618408,0.553310070381592,"Potato-2022","Potato",29024300,"nhdhr_120020743","nhdhr_120020743","MN",23.9611897479076,-95.0524070066,47.0023072421,2011-10-12,-0.513663363253246,0.636581837815243,-0.625619407863244,0.626555688775387,0.481216184373371,0.682144230170314,1.77064374594365,2.37459273984918,0.153593437448239,0.161387188021566,0.762458029139799
"411","Potato-2022","NOP",3.95286429877626,0.497444358250621,0.502555641749379,"Potato-2022","Potato",29024300,"nhdhr_120020743","nhdhr_120020743","MN",23.9611897479076,-95.0524070066,47.0023072421,2011-10-12,-0.513663363253246,0.636581837815243,-0.625619407863244,0.626555688775387,0.481216184373371,0.682144230170314,1.77064374594365,2.37459273984918,0.153593437448239,0.161387188021566,0.762458029139799
"412","Potato-2022","WTS",2.86118836653238,0.738572258929114,0.261427741070886,"Potato-2022","Potato",29024300,"nhdhr_120020743","nhdhr_120020743","MN",23.9611897479076,-95.0524070066,47.0023072421,2011-10-12,-0.513663363253246,0.636581837815243,-0.625619407863244,0.626555688775387,0.481216184373371,0.682144230170314,1.77064374594365,2.37459273984918,0.153593437448239,0.161387188021566,0.762458029139799
"413","Potato-2022","YEP",3.64420649677246,0.531115295315366,0.468884704684634,"Potato-2022","Potato",29024300,"nhdhr_120020743","nhdhr_120020743","MN",23.9611897479076,-95.0524070066,47.0023072421,2011-10-12,-0.513663363253246,0.636581837815243,-0.625619407863244,0.626555688775387,0.481216184373371,0.682144230170314,1.77064374594365,2.37459273984918,0.153593437448239,0.161387188021566,0.762458029139799
"414","Potato-2022","WAE",4.27117550869007,0.535545911619488,0.464454088380512,"Potato-2022","Potato",29024300,"nhdhr_120020743","nhdhr_120020743","MN",23.9611897479076,-95.0524070066,47.0023072421,2011-10-12,-0.513663363253246,0.636581837815243,-0.625619407863244,0.626555688775387,0.481216184373371,0.682144230170314,1.77064374594365,2.37459273984918,0.153593437448239,0.161387188021566,0.762458029139799
"415","Potato-2022","LMB",4.26982827685033,0.46803523209555,0.53196476790445,"Potato-2022","Potato",29024300,"nhdhr_120020743","nhdhr_120020743","MN",23.9611897479076,-95.0524070066,47.0023072421,2011-10-12,-0.513663363253246,0.636581837815243,-0.625619407863244,0.626555688775387,0.481216184373371,0.682144230170314,1.77064374594365,2.37459273984918,0.153593437448239,0.161387188021566,0.762458029139799
"416","Potato-2022","BLG",3.30566569462376,0.402421118596456,0.597578881403544,"Potato-2022","Potato",29024300,"nhdhr_120020743","nhdhr_120020743","MN",23.9611897479076,-95.0524070066,47.0023072421,2011-10-12,-0.513663363253246,0.636581837815243,-0.625619407863244,0.626555688775387,0.481216184373371,0.682144230170314,1.77064374594365,2.37459273984918,0.153593437448239,0.161387188021566,0.762458029139799
"417","Potato-2022","BLC",3.64713833914529,0.768792176665179,0.231207823334821,"Potato-2022","Potato",29024300,"nhdhr_120020743","nhdhr_120020743","MN",23.9611897479076,-95.0524070066,47.0023072421,2011-10-12,-0.513663363253246,0.636581837815243,-0.625619407863244,0.626555688775387,0.481216184373371,0.682144230170314,1.77064374594365,2.37459273984918,0.153593437448239,0.161387188021566,0.762458029139799
"418","Potato-2022","CIS",4.70982540192328,0.538547636634754,0.461452363365246,"Potato-2022","Potato",29024300,"nhdhr_120020743","nhdhr_120020743","MN",23.9611897479076,-95.0524070066,47.0023072421,2011-10-12,-0.513663363253246,0.636581837815243,-0.625619407863244,0.626555688775387,0.481216184373371,0.682144230170314,1.77064374594365,2.37459273984918,0.153593437448239,0.161387188021566,0.762458029139799
"419","Potato-2022","NOP_Y",4.53181120257297,0.536317354502878,0.463682645497122,"Potato-2022","Potato",29024300,"nhdhr_120020743","nhdhr_120020743","MN",23.9611897479076,-95.0524070066,47.0023072421,2011-10-12,-0.513663363253246,0.636581837815243,-0.625619407863244,0.626555688775387,0.481216184373371,0.682144230170314,1.77064374594365,2.37459273984918,0.153593437448239,0.161387188021566,0.762458029139799
"420","Potato-2022","BCS",4.58278818856792,0.563363645969102,0.436636354030898,"Potato-2022","Potato",29024300,"nhdhr_120020743","nhdhr_120020743","MN",23.9611897479076,-95.0524070066,47.0023072421,2011-10-12,-0.513663363253246,0.636581837815243,-0.625619407863244,0.626555688775387,0.481216184373371,0.682144230170314,1.77064374594365,2.37459273984918,0.153593437448239,0.161387188021566,0.762458029139799
"421","Potato-2022","LGP",3.3336823212739,0.532377959728674,0.467622040271326,"Potato-2022","Potato",29024300,"nhdhr_120020743","nhdhr_120020743","MN",23.9611897479076,-95.0524070066,47.0023072421,2011-10-12,-0.513663363253246,0.636581837815243,-0.625619407863244,0.626555688775387,0.481216184373371,0.682144230170314,1.77064374594365,2.37459273984918,0.153593437448239,0.161387188021566,0.762458029139799
"422","Potato-2022","RSF_Y",4.42903542351501,0.576930970707022,0.423069029292978,"Potato-2022","Potato",29024300,"nhdhr_120020743","nhdhr_120020743","MN",23.9611897479076,-95.0524070066,47.0023072421,2011-10-12,-0.513663363253246,0.636581837815243,-0.625619407863244,0.626555688775387,0.481216184373371,0.682144230170314,1.77064374594365,2.37459273984918,0.153593437448239,0.161387188021566,0.762458029139799
"423","Potato-2022","RKB",4.73144126011245,0.473944142166743,0.526055857833257,"Potato-2022","Potato",29024300,"nhdhr_120020743","nhdhr_120020743","MN",23.9611897479076,-95.0524070066,47.0023072421,2011-10-12,-0.513663363253246,0.636581837815243,-0.625619407863244,0.626555688775387,0.481216184373371,0.682144230170314,1.77064374594365,2.37459273984918,0.153593437448239,0.161387188021566,0.762458029139799
"424","Potato-2022","BKF",3.46202338785053,0.243155264825409,0.756844735174591,"Potato-2022","Potato",29024300,"nhdhr_120020743","nhdhr_120020743","MN",23.9611897479076,-95.0524070066,47.0023072421,2011-10-12,-0.513663363253246,0.636581837815243,-0.625619407863244,0.626555688775387,0.481216184373371,0.682144230170314,1.77064374594365,2.37459273984918,0.153593437448239,0.161387188021566,0.762458029139799
"425","Potato-2022","BNS",2.66260600364055,0.616651607608032,0.383348392391968,"Potato-2022","Potato",29024300,"nhdhr_120020743","nhdhr_120020743","MN",23.9611897479076,-95.0524070066,47.0023072421,2011-10-12,-0.513663363253246,0.636581837815243,-0.625619407863244,0.626555688775387,0.481216184373371,0.682144230170314,1.77064374594365,2.37459273984918,0.153593437448239,0.161387188021566,0.762458029139799
"426","Potato-2022","BNM",3.12917571710574,0.173311427691637,0.826688572308363,"Potato-2022","Potato",29024300,"nhdhr_120020743","nhdhr_120020743","MN",23.9611897479076,-95.0524070066,47.0023072421,2011-10-12,-0.513663363253246,0.636581837815243,-0.625619407863244,0.626555688775387,0.481216184373371,0.682144230170314,1.77064374594365,2.37459273984918,0.153593437448239,0.161387188021566,0.762458029139799
"427","Potato-2022","BLG_Y",3.25010613771599,0.607434247401197,0.392565752598803,"Potato-2022","Potato",29024300,"nhdhr_120020743","nhdhr_120020743","MN",23.9611897479076,-95.0524070066,47.0023072421,2011-10-12,-0.513663363253246,0.636581837815243,-0.625619407863244,0.626555688775387,0.481216184373371,0.682144230170314,1.77064374594365,2.37459273984918,0.153593437448239,0.161387188021566,0.762458029139799
"428","Potato-2022","RKB_Y",4.6462282908134,0.493683197755826,0.506316802244174,"Potato-2022","Potato",29024300,"nhdhr_120020743","nhdhr_120020743","MN",23.9611897479076,-95.0524070066,47.0023072421,2011-10-12,-0.513663363253246,0.636581837815243,-0.625619407863244,0.626555688775387,0.481216184373371,0.682144230170314,1.77064374594365,2.37459273984918,0.153593437448239,0.161387188021566,0.762458029139799
"429","Potato-2022","MMS",3.20376457179868,0.555198584475129,0.444801415524871,"Potato-2022","Potato",29024300,"nhdhr_120020743","nhdhr_120020743","MN",23.9611897479076,-95.0524070066,47.0023072421,2011-10-12,-0.513663363253246,0.636581837815243,-0.625619407863244,0.626555688775387,0.481216184373371,0.682144230170314,1.77064374594365,2.37459273984918,0.153593437448239,0.161387188021566,0.762458029139799
"430","Potato-2022","BST",3.37300473167783,0.735219198531518,0.264780801468482,"Potato-2022","Potato",29024300,"nhdhr_120020743","nhdhr_120020743","MN",23.9611897479076,-95.0524070066,47.0023072421,2011-10-12,-0.513663363253246,0.636581837815243,-0.625619407863244,0.626555688775387,0.481216184373371,0.682144230170314,1.77064374594365,2.37459273984918,0.153593437448239,0.161387188021566,0.762458029139799
"431","Potato-2022","YEP_Y",3.35048370409676,0.733629851463338,0.266370148536662,"Potato-2022","Potato",29024300,"nhdhr_120020743","nhdhr_120020743","MN",23.9611897479076,-95.0524070066,47.0023072421,2011-10-12,-0.513663363253246,0.636581837815243,-0.625619407863244,0.626555688775387,0.481216184373371,0.682144230170314,1.77064374594365,2.37459273984918,0.153593437448239,0.161387188021566,0.762458029139799
"432","Potato-2022","WAE_Y",4.36983488751113,0.465257830409962,0.534742169590038,"Potato-2022","Potato",29024300,"nhdhr_120020743","nhdhr_120020743","MN",23.9611897479076,-95.0524070066,47.0023072421,2011-10-12,-0.513663363253246,0.636581837815243,-0.625619407863244,0.626555688775387,0.481216184373371,0.682144230170314,1.77064374594365,2.37459273984918,0.153593437448239,0.161387188021566,0.762458029139799
"433","Round-2022","WAE",3.87190167911491,0.867642039325298,0.132357960674702,"Round-2022","Round",1013700,"nhdhr_59745501","nhdhr_59745501","MN",24.1419436269635,-93.6525132773,46.7264001542,2011-10-10,-0.706563496773488,-0.0138752192707048,-0.641742406266151,1.72122930869266,-0.850348170477143,0.0591044770601838,1.28818448954107,1.49989627715504,0.18389328313394,-0.217252783880076,0.463460621102701
"434","Round-2022","YEP",3.36393369013176,0.94328540315084,0.0567145968491598,"Round-2022","Round",1013700,"nhdhr_59745501","nhdhr_59745501","MN",24.1419436269635,-93.6525132773,46.7264001542,2011-10-10,-0.706563496773488,-0.0138752192707048,-0.641742406266151,1.72122930869266,-0.850348170477143,0.0591044770601838,1.28818448954107,1.49989627715504,0.18389328313394,-0.217252783880076,0.463460621102701
"435","Round-2022","NOP",4.01576477564787,0.667682962961669,0.332317037038331,"Round-2022","Round",1013700,"nhdhr_59745501","nhdhr_59745501","MN",24.1419436269635,-93.6525132773,46.7264001542,2011-10-10,-0.706563496773488,-0.0138752192707048,-0.641742406266151,1.72122930869266,-0.850348170477143,0.0591044770601838,1.28818448954107,1.49989627715504,0.18389328313394,-0.217252783880076,0.463460621102701
"436","Round-2022","BLG",3.19781923512459,0.69270536700982,0.307294632990181,"Round-2022","Round",1013700,"nhdhr_59745501","nhdhr_59745501","MN",24.1419436269635,-93.6525132773,46.7264001542,2011-10-10,-0.706563496773488,-0.0138752192707048,-0.641742406266151,1.72122930869266,-0.850348170477143,0.0591044770601838,1.28818448954107,1.49989627715504,0.18389328313394,-0.217252783880076,0.463460621102701
"437","Round-2022","LMB",3.87864859305883,0.739609665017584,0.260390334982416,"Round-2022","Round",1013700,"nhdhr_59745501","nhdhr_59745501","MN",24.1419436269635,-93.6525132773,46.7264001542,2011-10-10,-0.706563496773488,-0.0138752192707048,-0.641742406266151,1.72122930869266,-0.850348170477143,0.0591044770601838,1.28818448954107,1.49989627715504,0.18389328313394,-0.217252783880076,0.463460621102701
"438","Round-2022","RKB",3.70797167899209,0.40769330588753,0.59230669411247,"Round-2022","Round",1013700,"nhdhr_59745501","nhdhr_59745501","MN",24.1419436269635,-93.6525132773,46.7264001542,2011-10-10,-0.706563496773488,-0.0138752192707048,-0.641742406266151,1.72122930869266,-0.850348170477143,0.0591044770601838,1.28818448954107,1.49989627715504,0.18389328313394,-0.217252783880076,0.463460621102701
"439","Round-2022","WAE_Y",3.53793434077618,0.833971776735173,0.166028223264827,"Round-2022","Round",1013700,"nhdhr_59745501","nhdhr_59745501","MN",24.1419436269635,-93.6525132773,46.7264001542,2011-10-10,-0.706563496773488,-0.0138752192707048,-0.641742406266151,1.72122930869266,-0.850348170477143,0.0591044770601838,1.28818448954107,1.49989627715504,0.18389328313394,-0.217252783880076,0.463460621102701
"440","Round-2022","BLG_Y",3.26791212834975,0.740686582263646,0.259313417736354,"Round-2022","Round",1013700,"nhdhr_59745501","nhdhr_59745501","MN",24.1419436269635,-93.6525132773,46.7264001542,2011-10-10,-0.706563496773488,-0.0138752192707048,-0.641742406266151,1.72122930869266,-0.850348170477143,0.0591044770601838,1.28818448954107,1.49989627715504,0.18389328313394,-0.217252783880076,0.463460621102701
"441","Round-2022","LMB_Y",2.98182632009018,0.507972838283224,0.492027161716776,"Round-2022","Round",1013700,"nhdhr_59745501","nhdhr_59745501","MN",24.1419436269635,-93.6525132773,46.7264001542,2011-10-10,-0.706563496773488,-0.0138752192707048,-0.641742406266151,1.72122930869266,-0.850348170477143,0.0591044770601838,1.28818448954107,1.49989627715504,0.18389328313394,-0.217252783880076,0.463460621102701
"442","Round-2022","YEP_Y",2.82094886179576,0.746899434754995,0.253100565245005,"Round-2022","Round",1013700,"nhdhr_59745501","nhdhr_59745501","MN",24.1419436269635,-93.6525132773,46.7264001542,2011-10-10,-0.706563496773488,-0.0138752192707048,-0.641742406266151,1.72122930869266,-0.850348170477143,0.0591044770601838,1.28818448954107,1.49989627715504,0.18389328313394,-0.217252783880076,0.463460621102701
"443","Round-2022","BNM",3.03552317740974,0.611766732471126,0.388233267528874,"Round-2022","Round",1013700,"nhdhr_59745501","nhdhr_59745501","MN",24.1419436269635,-93.6525132773,46.7264001542,2011-10-10,-0.706563496773488,-0.0138752192707048,-0.641742406266151,1.72122930869266,-0.850348170477143,0.0591044770601838,1.28818448954107,1.49989627715504,0.18389328313394,-0.217252783880076,0.463460621102701
"444","Round-2022","BNS_Y",2.75485765858063,0.724113577761334,0.275886422238666,"Round-2022","Round",1013700,"nhdhr_59745501","nhdhr_59745501","MN",24.1419436269635,-93.6525132773,46.7264001542,2011-10-10,-0.706563496773488,-0.0138752192707048,-0.641742406266151,1.72122930869266,-0.850348170477143,0.0591044770601838,1.28818448954107,1.49989627715504,0.18389328313394,-0.217252783880076,0.463460621102701
"445","Round-2022","JND",3.20871834360456,0.257333771220565,0.742666228779435,"Round-2022","Round",1013700,"nhdhr_59745501","nhdhr_59745501","MN",24.1419436269635,-93.6525132773,46.7264001542,2011-10-10,-0.706563496773488,-0.0138752192707048,-0.641742406266151,1.72122930869266,-0.850348170477143,0.0591044770601838,1.28818448954107,1.49989627715504,0.18389328313394,-0.217252783880076,0.463460621102701
"446","Round-2022","SPO",2.94992595467595,0.569686423014611,0.430313576985389,"Round-2022","Round",1013700,"nhdhr_59745501","nhdhr_59745501","MN",24.1419436269635,-93.6525132773,46.7264001542,2011-10-10,-0.706563496773488,-0.0138752192707048,-0.641742406266151,1.72122930869266,-0.850348170477143,0.0591044770601838,1.28818448954107,1.49989627715504,0.18389328313394,-0.217252783880076,0.463460621102701
"447","Round-2022","BNS",4.5811991634074,0.481828953413891,0.518171046586109,"Round-2022","Round",1013700,"nhdhr_59745501","nhdhr_59745501","MN",24.1419436269635,-93.6525132773,46.7264001542,2011-10-10,-0.706563496773488,-0.0138752192707048,-0.641742406266151,1.72122930869266,-0.850348170477143,0.0591044770601838,1.28818448954107,1.49989627715504,0.18389328313394,-0.217252783880076,0.463460621102701
"448","Round-2022","RKB_Y",4.55081044740982,0.50597132251542,0.49402867748458,"Round-2022","Round",1013700,"nhdhr_59745501","nhdhr_59745501","MN",24.1419436269635,-93.6525132773,46.7264001542,2011-10-10,-0.706563496773488,-0.0138752192707048,-0.641742406266151,1.72122930869266,-0.850348170477143,0.0591044770601838,1.28818448954107,1.49989627715504,0.18389328313394,-0.217252783880076,0.463460621102701
"449","Rush-2022","WAE",3.73576939701142,0.837249939433388,0.162750060566612,"Rush-2022","Rush",56014100,"nhdhr_120018584","nhdhr_120018584","MN",25.7363570752272,-95.5287665371,46.4871765089,2011-10-07,-0.0563580955788737,0.6616412101192,-0.0944914133362221,-0.523388426239964,-0.384434167495812,0.342216843709189,1.42348242211091,3.0360056456333,-0.100972521147964,1.28324766942146,-0.845048483977081
"450","Rush-2022","NOP",3.911245197803,0.573927123854256,0.426072876145744,"Rush-2022","Rush",56014100,"nhdhr_120018584","nhdhr_120018584","MN",25.7363570752272,-95.5287665371,46.4871765089,2011-10-07,-0.0563580955788737,0.6616412101192,-0.0944914133362221,-0.523388426239964,-0.384434167495812,0.342216843709189,1.42348242211091,3.0360056456333,-0.100972521147964,1.28324766942146,-0.845048483977081
"451","Rush-2022","WTS",2.73557313555692,0.672527631356612,0.327472368643388,"Rush-2022","Rush",56014100,"nhdhr_120018584","nhdhr_120018584","MN",25.7363570752272,-95.5287665371,46.4871765089,2011-10-07,-0.0563580955788737,0.6616412101192,-0.0944914133362221,-0.523388426239964,-0.384434167495812,0.342216843709189,1.42348242211091,3.0360056456333,-0.100972521147964,1.28324766942146,-0.845048483977081
"452","Rush-2022","BLC",3.39678120916228,0.853848894841959,0.146151105158041,"Rush-2022","Rush",56014100,"nhdhr_120018584","nhdhr_120018584","MN",25.7363570752272,-95.5287665371,46.4871765089,2011-10-07,-0.0563580955788737,0.6616412101192,-0.0944914133362221,-0.523388426239964,-0.384434167495812,0.342216843709189,1.42348242211091,3.0360056456333,-0.100972521147964,1.28324766942146,-0.845048483977081
"453","Rush-2022","CIS",3.55348548494241,0.803655044766789,0.196344955233211,"Rush-2022","Rush",56014100,"nhdhr_120018584","nhdhr_120018584","MN",25.7363570752272,-95.5287665371,46.4871765089,2011-10-07,-0.0563580955788737,0.6616412101192,-0.0944914133362221,-0.523388426239964,-0.384434167495812,0.342216843709189,1.42348242211091,3.0360056456333,-0.100972521147964,1.28324766942146,-0.845048483977081
"454","Rush-2022","BLG",3.6026013337211,0.351593461057995,0.648406538942005,"Rush-2022","Rush",56014100,"nhdhr_120018584","nhdhr_120018584","MN",25.7363570752272,-95.5287665371,46.4871765089,2011-10-07,-0.0563580955788737,0.6616412101192,-0.0944914133362221,-0.523388426239964,-0.384434167495812,0.342216843709189,1.42348242211091,3.0360056456333,-0.100972521147964,1.28324766942146,-0.845048483977081
"455","Rush-2022","YEP",3.35483435025357,0.849489921192523,0.150510078807477,"Rush-2022","Rush",56014100,"nhdhr_120018584","nhdhr_120018584","MN",25.7363570752272,-95.5287665371,46.4871765089,2011-10-07,-0.0563580955788737,0.6616412101192,-0.0944914133362221,-0.523388426239964,-0.384434167495812,0.342216843709189,1.42348242211091,3.0360056456333,-0.100972521147964,1.28324766942146,-0.845048483977081
"456","Rush-2022","YEP_Y",3.0570063252465,0.386865439596178,0.613134560403822,"Rush-2022","Rush",56014100,"nhdhr_120018584","nhdhr_120018584","MN",25.7363570752272,-95.5287665371,46.4871765089,2011-10-07,-0.0563580955788737,0.6616412101192,-0.0944914133362221,-0.523388426239964,-0.384434167495812,0.342216843709189,1.42348242211091,3.0360056456333,-0.100972521147964,1.28324766942146,-0.845048483977081
"457","Rush-2022","SMB_Y",3.09363659508715,0.427829905573323,0.572170094426677,"Rush-2022","Rush",56014100,"nhdhr_120018584","nhdhr_120018584","MN",25.7363570752272,-95.5287665371,46.4871765089,2011-10-07,-0.0563580955788737,0.6616412101192,-0.0944914133362221,-0.523388426239964,-0.384434167495812,0.342216843709189,1.42348242211091,3.0360056456333,-0.100972521147964,1.28324766942146,-0.845048483977081
"458","Rush-2022","BLC_Y",3.15412213913865,0.771038835614844,0.228961164385156,"Rush-2022","Rush",56014100,"nhdhr_120018584","nhdhr_120018584","MN",25.7363570752272,-95.5287665371,46.4871765089,2011-10-07,-0.0563580955788737,0.6616412101192,-0.0944914133362221,-0.523388426239964,-0.384434167495812,0.342216843709189,1.42348242211091,3.0360056456333,-0.100972521147964,1.28324766942146,-0.845048483977081
"459","Rush-2022","MMS",2.95910399650689,0.491949735327514,0.508050264672486,"Rush-2022","Rush",56014100,"nhdhr_120018584","nhdhr_120018584","MN",25.7363570752272,-95.5287665371,46.4871765089,2011-10-07,-0.0563580955788737,0.6616412101192,-0.0944914133362221,-0.523388426239964,-0.384434167495812,0.342216843709189,1.42348242211091,3.0360056456333,-0.100972521147964,1.28324766942146,-0.845048483977081
"460","Rush-2022","BLG_Y",3.1662723060452,0.293732812601659,0.706267187398341,"Rush-2022","Rush",56014100,"nhdhr_120018584","nhdhr_120018584","MN",25.7363570752272,-95.5287665371,46.4871765089,2011-10-07,-0.0563580955788737,0.6616412101192,-0.0944914133362221,-0.523388426239964,-0.384434167495812,0.342216843709189,1.42348242211091,3.0360056456333,-0.100972521147964,1.28324766942146,-0.845048483977081
"461","Rush-2022","LGP",3.44065603399957,0.236021696771572,0.763978303228428,"Rush-2022","Rush",56014100,"nhdhr_120018584","nhdhr_120018584","MN",25.7363570752272,-95.5287665371,46.4871765089,2011-10-07,-0.0563580955788737,0.6616412101192,-0.0944914133362221,-0.523388426239964,-0.384434167495812,0.342216843709189,1.42348242211091,3.0360056456333,-0.100972521147964,1.28324766942146,-0.845048483977081
"462","Rush-2022","SPO",2.70685319118519,0.532242259973855,0.467757740026145,"Rush-2022","Rush",56014100,"nhdhr_120018584","nhdhr_120018584","MN",25.7363570752272,-95.5287665371,46.4871765089,2011-10-07,-0.0563580955788737,0.6616412101192,-0.0944914133362221,-0.523388426239964,-0.384434167495812,0.342216843709189,1.42348242211091,3.0360056456333,-0.100972521147964,1.28324766942146,-0.845048483977081
"463","Rush-2022","BKF",3.24723780241921,0.332320044956078,0.667679955043922,"Rush-2022","Rush",56014100,"nhdhr_120018584","nhdhr_120018584","MN",25.7363570752272,-95.5287665371,46.4871765089,2011-10-07,-0.0563580955788737,0.6616412101192,-0.0944914133362221,-0.523388426239964,-0.384434167495812,0.342216843709189,1.42348242211091,3.0360056456333,-0.100972521147964,1.28324766942146,-0.845048483977081
"464","Rush-2022","WAE_Y",3.63709958024333,0.522731062027789,0.477268937972211,"Rush-2022","Rush",56014100,"nhdhr_120018584","nhdhr_120018584","MN",25.7363570752272,-95.5287665371,46.4871765089,2011-10-07,-0.0563580955788737,0.6616412101192,-0.0944914133362221,-0.523388426239964,-0.384434167495812,0.342216843709189,1.42348242211091,3.0360056456333,-0.100972521147964,1.28324766942146,-0.845048483977081
"465","Shamineau-2021","NOP",3.9474401177102,0.834614360044972,0.165385639955028,"Shamineau-2021","Shamineau",49012700,"nhdhr_120018314","nhdhr_120018314","MN",24.3314706511272,-94.6009533484,46.2549504921,2011-10-10,-0.746023198353524,0.387868155863845,-0.430812722624663,2.05402810616672,0.171100517127906,0.195845676287963,1.12801860612976,2.08034264349777,-0.152518622724192,0.558744180156902,0.544856082631096
"466","Shamineau-2021","LMB",3.74680767721924,0.833138528263844,0.166861471736156,"Shamineau-2021","Shamineau",49012700,"nhdhr_120018314","nhdhr_120018314","MN",24.3314706511272,-94.6009533484,46.2549504921,2011-10-10,-0.746023198353524,0.387868155863845,-0.430812722624663,2.05402810616672,0.171100517127906,0.195845676287963,1.12801860612976,2.08034264349777,-0.152518622724192,0.558744180156902,0.544856082631096
"467","Shamineau-2021","WAE",3.92872984174811,0.892080877787606,0.107919122212394,"Shamineau-2021","Shamineau",49012700,"nhdhr_120018314","nhdhr_120018314","MN",24.3314706511272,-94.6009533484,46.2549504921,2011-10-10,-0.746023198353524,0.387868155863845,-0.430812722624663,2.05402810616672,0.171100517127906,0.195845676287963,1.12801860612976,2.08034264349777,-0.152518622724192,0.558744180156902,0.544856082631096
"468","Shamineau-2021","BLG",3.47651675348806,0.968910063547284,0.0310899364527155,"Shamineau-2021","Shamineau",49012700,"nhdhr_120018314","nhdhr_120018314","MN",24.3314706511272,-94.6009533484,46.2549504921,2011-10-10,-0.746023198353524,0.387868155863845,-0.430812722624663,2.05402810616672,0.171100517127906,0.195845676287963,1.12801860612976,2.08034264349777,-0.152518622724192,0.558744180156902,0.544856082631096
"469","Shamineau-2021","WTS",3.17922337078584,0.694375047865734,0.305624952134266,"Shamineau-2021","Shamineau",49012700,"nhdhr_120018314","nhdhr_120018314","MN",24.3314706511272,-94.6009533484,46.2549504921,2011-10-10,-0.746023198353524,0.387868155863845,-0.430812722624663,2.05402810616672,0.171100517127906,0.195845676287963,1.12801860612976,2.08034264349777,-0.152518622724192,0.558744180156902,0.544856082631096
"470","Shamineau-2021","BLC",3.63549709205994,0.975391480914388,0.0246085190856125,"Shamineau-2021","Shamineau",49012700,"nhdhr_120018314","nhdhr_120018314","MN",24.3314706511272,-94.6009533484,46.2549504921,2011-10-10,-0.746023198353524,0.387868155863845,-0.430812722624663,2.05402810616672,0.171100517127906,0.195845676287963,1.12801860612976,2.08034264349777,-0.152518622724192,0.558744180156902,0.544856082631096
"471","Shamineau-2021","WAE_Y",3.5170895570759,0.707786293174905,0.292213706825095,"Shamineau-2021","Shamineau",49012700,"nhdhr_120018314","nhdhr_120018314","MN",24.3314706511272,-94.6009533484,46.2549504921,2011-10-10,-0.746023198353524,0.387868155863845,-0.430812722624663,2.05402810616672,0.171100517127906,0.195845676287963,1.12801860612976,2.08034264349777,-0.152518622724192,0.558744180156902,0.544856082631096
"472","Shamineau-2021","LMB_Y",3.38957447713416,0.79439414132475,0.20560585867525,"Shamineau-2021","Shamineau",49012700,"nhdhr_120018314","nhdhr_120018314","MN",24.3314706511272,-94.6009533484,46.2549504921,2011-10-10,-0.746023198353524,0.387868155863845,-0.430812722624663,2.05402810616672,0.171100517127906,0.195845676287963,1.12801860612976,2.08034264349777,-0.152518622724192,0.558744180156902,0.544856082631096
"473","Shamineau-2021","BLG_Y",3.1102180539324,0.590178862171274,0.409821137828726,"Shamineau-2021","Shamineau",49012700,"nhdhr_120018314","nhdhr_120018314","MN",24.3314706511272,-94.6009533484,46.2549504921,2011-10-10,-0.746023198353524,0.387868155863845,-0.430812722624663,2.05402810616672,0.171100517127906,0.195845676287963,1.12801860612976,2.08034264349777,-0.152518622724192,0.558744180156902,0.544856082631096
"474","Shamineau-2021","YEP_Y",3.20669937204693,0.744603295781931,0.255396704218069,"Shamineau-2021","Shamineau",49012700,"nhdhr_120018314","nhdhr_120018314","MN",24.3314706511272,-94.6009533484,46.2549504921,2011-10-10,-0.746023198353524,0.387868155863845,-0.430812722624663,2.05402810616672,0.171100517127906,0.195845676287963,1.12801860612976,2.08034264349777,-0.152518622724192,0.558744180156902,0.544856082631096
"475","Shamineau-2021","BNM",2.86014160501775,0.285412769951541,0.714587230048459,"Shamineau-2021","Shamineau",49012700,"nhdhr_120018314","nhdhr_120018314","MN",24.3314706511272,-94.6009533484,46.2549504921,2011-10-10,-0.746023198353524,0.387868155863845,-0.430812722624663,2.05402810616672,0.171100517127906,0.195845676287963,1.12801860612976,2.08034264349777,-0.152518622724192,0.558744180156902,0.544856082631096
"476","Shamineau-2021","RKB_Y",3.53834295088066,0.440174526474503,0.559825473525497,"Shamineau-2021","Shamineau",49012700,"nhdhr_120018314","nhdhr_120018314","MN",24.3314706511272,-94.6009533484,46.2549504921,2011-10-10,-0.746023198353524,0.387868155863845,-0.430812722624663,2.05402810616672,0.171100517127906,0.195845676287963,1.12801860612976,2.08034264349777,-0.152518622724192,0.558744180156902,0.544856082631096
"477","Shamineau-2021","SMB_Y",3.60227440679339,0.360819597104119,0.639180402895881,"Shamineau-2021","Shamineau",49012700,"nhdhr_120018314","nhdhr_120018314","MN",24.3314706511272,-94.6009533484,46.2549504921,2011-10-10,-0.746023198353524,0.387868155863845,-0.430812722624663,2.05402810616672,0.171100517127906,0.195845676287963,1.12801860612976,2.08034264349777,-0.152518622724192,0.558744180156902,0.544856082631096
"478","Shamineau-2021","YEP",3.40586424685,0.976470935669197,0.0235290643308035,"Shamineau-2021","Shamineau",49012700,"nhdhr_120018314","nhdhr_120018314","MN",24.3314706511272,-94.6009533484,46.2549504921,2011-10-10,-0.746023198353524,0.387868155863845,-0.430812722624663,2.05402810616672,0.171100517127906,0.195845676287963,1.12801860612976,2.08034264349777,-0.152518622724192,0.558744180156902,0.544856082631096
"479","Shamineau-2021","GOS",3.18904704713345,0.772344111868727,0.227655888131273,"Shamineau-2021","Shamineau",49012700,"nhdhr_120018314","nhdhr_120018314","MN",24.3314706511272,-94.6009533484,46.2549504921,2011-10-10,-0.746023198353524,0.387868155863845,-0.430812722624663,2.05402810616672,0.171100517127906,0.195845676287963,1.12801860612976,2.08034264349777,-0.152518622724192,0.558744180156902,0.544856082631096
"480","Tenmile-2020","WAE",3.79378256442281,0.453833426607738,0.546166573392262,"Tenmile-2020","Tenmile",56061300,"nhdhr_120020061","nhdhr_120020061","MN",25.6875228108902,-95.9665965219,46.1257654389,2011-10-04,-0.287963923642591,0.330647608966321,0.0155439949372275,-0.0814288994914205,-0.0437022740963819,-0.0554888826169024,1.10443309804216,2.09127158866741,0.0378250136649066,1.51592068325839,-1.02346907379617
"481","Tenmile-2020","YEP",2.90249082127226,0.667771754642892,0.332228245357108,"Tenmile-2020","Tenmile",56061300,"nhdhr_120020061","nhdhr_120020061","MN",25.6875228108902,-95.9665965219,46.1257654389,2011-10-04,-0.287963923642591,0.330647608966321,0.0155439949372275,-0.0814288994914205,-0.0437022740963819,-0.0554888826169024,1.10443309804216,2.09127158866741,0.0378250136649066,1.51592068325839,-1.02346907379617
"482","Tenmile-2020","BLG",3.29290587310188,0.0952239107186363,0.904776089281364,"Tenmile-2020","Tenmile",56061300,"nhdhr_120020061","nhdhr_120020061","MN",25.6875228108902,-95.9665965219,46.1257654389,2011-10-04,-0.287963923642591,0.330647608966321,0.0155439949372275,-0.0814288994914205,-0.0437022740963819,-0.0554888826169024,1.10443309804216,2.09127158866741,0.0378250136649066,1.51592068325839,-1.02346907379617
"483","Tenmile-2020","BLC",3.33893462155744,0.33630204651364,0.66369795348636,"Tenmile-2020","Tenmile",56061300,"nhdhr_120020061","nhdhr_120020061","MN",25.6875228108902,-95.9665965219,46.1257654389,2011-10-04,-0.287963923642591,0.330647608966321,0.0155439949372275,-0.0814288994914205,-0.0437022740963819,-0.0554888826169024,1.10443309804216,2.09127158866741,0.0378250136649066,1.51592068325839,-1.02346907379617
"484","Tenmile-2020","NOP",4.06202801432957,0.193921048006472,0.806078951993528,"Tenmile-2020","Tenmile",56061300,"nhdhr_120020061","nhdhr_120020061","MN",25.6875228108902,-95.9665965219,46.1257654389,2011-10-04,-0.287963923642591,0.330647608966321,0.0155439949372275,-0.0814288994914205,-0.0437022740963819,-0.0554888826169024,1.10443309804216,2.09127158866741,0.0378250136649066,1.51592068325839,-1.02346907379617
"485","Tenmile-2020","SMB",3.6228674887869,0.0845131507702785,0.915486849229721,"Tenmile-2020","Tenmile",56061300,"nhdhr_120020061","nhdhr_120020061","MN",25.6875228108902,-95.9665965219,46.1257654389,2011-10-04,-0.287963923642591,0.330647608966321,0.0155439949372275,-0.0814288994914205,-0.0437022740963819,-0.0554888826169024,1.10443309804216,2.09127158866741,0.0378250136649066,1.51592068325839,-1.02346907379617
"486","Tenmile-2020","LMB",3.52588994020639,0.099227649808375,0.900772350191625,"Tenmile-2020","Tenmile",56061300,"nhdhr_120020061","nhdhr_120020061","MN",25.6875228108902,-95.9665965219,46.1257654389,2011-10-04,-0.287963923642591,0.330647608966321,0.0155439949372275,-0.0814288994914205,-0.0437022740963819,-0.0554888826169024,1.10443309804216,2.09127158866741,0.0378250136649066,1.51592068325839,-1.02346907379617
"487","Tenmile-2020","WAE_Y",3.88035871232907,0.290342590854698,0.709657409145302,"Tenmile-2020","Tenmile",56061300,"nhdhr_120020061","nhdhr_120020061","MN",25.6875228108902,-95.9665965219,46.1257654389,2011-10-04,-0.287963923642591,0.330647608966321,0.0155439949372275,-0.0814288994914205,-0.0437022740963819,-0.0554888826169024,1.10443309804216,2.09127158866741,0.0378250136649066,1.51592068325839,-1.02346907379617
"488","Tenmile-2020","SPO",2.42435340358284,0.36751770728771,0.63248229271229,"Tenmile-2020","Tenmile",56061300,"nhdhr_120020061","nhdhr_120020061","MN",25.6875228108902,-95.9665965219,46.1257654389,2011-10-04,-0.287963923642591,0.330647608966321,0.0155439949372275,-0.0814288994914205,-0.0437022740963819,-0.0554888826169024,1.10443309804216,2.09127158866741,0.0378250136649066,1.51592068325839,-1.02346907379617
"489","Tenmile-2020","JND",5.01057899347753,0.422655843010345,0.577344156989655,"Tenmile-2020","Tenmile",56061300,"nhdhr_120020061","nhdhr_120020061","MN",25.6875228108902,-95.9665965219,46.1257654389,2011-10-04,-0.287963923642591,0.330647608966321,0.0155439949372275,-0.0814288994914205,-0.0437022740963819,-0.0554888826169024,1.10443309804216,2.09127158866741,0.0378250136649066,1.51592068325839,-1.02346907379617
"490","Tenmile-2020","LGP",3.79294006537624,0.243509381047707,0.756490618952293,"Tenmile-2020","Tenmile",56061300,"nhdhr_120020061","nhdhr_120020061","MN",25.6875228108902,-95.9665965219,46.1257654389,2011-10-04,-0.287963923642591,0.330647608966321,0.0155439949372275,-0.0814288994914205,-0.0437022740963819,-0.0554888826169024,1.10443309804216,2.09127158866741,0.0378250136649066,1.51592068325839,-1.02346907379617
"491","Tenmile-2020","BLG_Y",3.13889154499658,0.339828648560519,0.660171351439481,"Tenmile-2020","Tenmile",56061300,"nhdhr_120020061","nhdhr_120020061","MN",25.6875228108902,-95.9665965219,46.1257654389,2011-10-04,-0.287963923642591,0.330647608966321,0.0155439949372275,-0.0814288994914205,-0.0437022740963819,-0.0554888826169024,1.10443309804216,2.09127158866741,0.0378250136649066,1.51592068325839,-1.02346907379617
"492","Tenmile-2020","YEP_Y",3.07299585554397,0.131047172531265,0.868952827468735,"Tenmile-2020","Tenmile",56061300,"nhdhr_120020061","nhdhr_120020061","MN",25.6875228108902,-95.9665965219,46.1257654389,2011-10-04,-0.287963923642591,0.330647608966321,0.0155439949372275,-0.0814288994914205,-0.0437022740963819,-0.0554888826169024,1.10443309804216,2.09127158866741,0.0378250136649066,1.51592068325839,-1.02346907379617
"493","Tenmile-2020","SMB_Y",4.88783962336079,0.426803969409303,0.573196030590697,"Tenmile-2020","Tenmile",56061300,"nhdhr_120020061","nhdhr_120020061","MN",25.6875228108902,-95.9665965219,46.1257654389,2011-10-04,-0.287963923642591,0.330647608966321,0.0155439949372275,-0.0814288994914205,-0.0437022740963819,-0.0554888826169024,1.10443309804216,2.09127158866741,0.0378250136649066,1.51592068325839,-1.02346907379617
"494","Tenmile-2020","BKF",3.08300943782042,0.0884825443847153,0.911517455615285,"Tenmile-2020","Tenmile",56061300,"nhdhr_120020061","nhdhr_120020061","MN",25.6875228108902,-95.9665965219,46.1257654389,2011-10-04,-0.287963923642591,0.330647608966321,0.0155439949372275,-0.0814288994914205,-0.0437022740963819,-0.0554888826169024,1.10443309804216,2.09127158866741,0.0378250136649066,1.51592068325839,-1.02346907379617
"495","Tenmile-2020","MMS",2.65730305641749,0.337447841826035,0.662552158173965,"Tenmile-2020","Tenmile",56061300,"nhdhr_120020061","nhdhr_120020061","MN",25.6875228108902,-95.9665965219,46.1257654389,2011-10-04,-0.287963923642591,0.330647608966321,0.0155439949372275,-0.0814288994914205,-0.0437022740963819,-0.0554888826169024,1.10443309804216,2.09127158866741,0.0378250136649066,1.51592068325839,-1.02346907379617
"496","Tenmile-2020","GOS",2.4508710509033,0.400350469676245,0.599649530323755,"Tenmile-2020","Tenmile",56061300,"nhdhr_120020061","nhdhr_120020061","MN",25.6875228108902,-95.9665965219,46.1257654389,2011-10-04,-0.287963923642591,0.330647608966321,0.0155439949372275,-0.0814288994914205,-0.0437022740963819,-0.0554888826169024,1.10443309804216,2.09127158866741,0.0378250136649066,1.51592068325839,-1.02346907379617
"497","Washington-2020","WAE",3.84908872836957,0.527420532144429,0.472579467855571,"Washington-2020","Washington",47004600,"nhdhr_120019716","nhdhr_120019716","MN",26.981338457263,-94.3728832424,45.067237935,2011-09-27,0.509021514002605,0.365087967802197,0.556521142842522,-1.10609317796499,-0.419221000732546,-0.41178683298615,-0.194625335826137,2.48481235423741,0.31265330279514,1.58912877383077,-1.19694721845572
"498","Washington-2020","BLC",3.56898472125854,0.693001611444298,0.306998388555702,"Washington-2020","Washington",47004600,"nhdhr_120019716","nhdhr_120019716","MN",26.981338457263,-94.3728832424,45.067237935,2011-09-27,0.509021514002605,0.365087967802197,0.556521142842522,-1.10609317796499,-0.419221000732546,-0.41178683298615,-0.194625335826137,2.48481235423741,0.31265330279514,1.58912877383077,-1.19694721845572
"499","Washington-2020","BLG",2.96260244548898,0.651616100078808,0.348383899921192,"Washington-2020","Washington",47004600,"nhdhr_120019716","nhdhr_120019716","MN",26.981338457263,-94.3728832424,45.067237935,2011-09-27,0.509021514002605,0.365087967802197,0.556521142842522,-1.10609317796499,-0.419221000732546,-0.41178683298615,-0.194625335826137,2.48481235423741,0.31265330279514,1.58912877383077,-1.19694721845572
"500","Washington-2020","LMB",3.68253428961036,0.469131124330181,0.530868875669819,"Washington-2020","Washington",47004600,"nhdhr_120019716","nhdhr_120019716","MN",26.981338457263,-94.3728832424,45.067237935,2011-09-27,0.509021514002605,0.365087967802197,0.556521142842522,-1.10609317796499,-0.419221000732546,-0.41178683298615,-0.194625335826137,2.48481235423741,0.31265330279514,1.58912877383077,-1.19694721845572
"501","Washington-2020","NOP",3.69268402789578,0.441428240608593,0.558571759391407,"Washington-2020","Washington",47004600,"nhdhr_120019716","nhdhr_120019716","MN",26.981338457263,-94.3728832424,45.067237935,2011-09-27,0.509021514002605,0.365087967802197,0.556521142842522,-1.10609317796499,-0.419221000732546,-0.41178683298615,-0.194625335826137,2.48481235423741,0.31265330279514,1.58912877383077,-1.19694721845572
"502","Washington-2020","SMB",4.00063723460268,0.4036850596797,0.5963149403203,"Washington-2020","Washington",47004600,"nhdhr_120019716","nhdhr_120019716","MN",26.981338457263,-94.3728832424,45.067237935,2011-09-27,0.509021514002605,0.365087967802197,0.556521142842522,-1.10609317796499,-0.419221000732546,-0.41178683298615,-0.194625335826137,2.48481235423741,0.31265330279514,1.58912877383077,-1.19694721845572
"503","Washington-2020","YEP",3.54667252853918,0.537776022631886,0.462223977368114,"Washington-2020","Washington",47004600,"nhdhr_120019716","nhdhr_120019716","MN",26.981338457263,-94.3728832424,45.067237935,2011-09-27,0.509021514002605,0.365087967802197,0.556521142842522,-1.10609317796499,-0.419221000732546,-0.41178683298615,-0.194625335826137,2.48481235423741,0.31265330279514,1.58912877383077,-1.19694721845572
"504","Washington-2020","WAE_Y",3.78318524242975,0.305982970170694,0.694017029829306,"Washington-2020","Washington",47004600,"nhdhr_120019716","nhdhr_120019716","MN",26.981338457263,-94.3728832424,45.067237935,2011-09-27,0.509021514002605,0.365087967802197,0.556521142842522,-1.10609317796499,-0.419221000732546,-0.41178683298615,-0.194625335826137,2.48481235423741,0.31265330279514,1.58912877383077,-1.19694721845572
"505","Washington-2020","BNM",2.37260121665499,0.890997729223555,0.109002270776445,"Washington-2020","Washington",47004600,"nhdhr_120019716","nhdhr_120019716","MN",26.981338457263,-94.3728832424,45.067237935,2011-09-27,0.509021514002605,0.365087967802197,0.556521142842522,-1.10609317796499,-0.419221000732546,-0.41178683298615,-0.194625335826137,2.48481235423741,0.31265330279514,1.58912877383077,-1.19694721845572
"506","Washington-2020","YEP_Y",3.1000533342409,0.249436996175177,0.750563003824823,"Washington-2020","Washington",47004600,"nhdhr_120019716","nhdhr_120019716","MN",26.981338457263,-94.3728832424,45.067237935,2011-09-27,0.509021514002605,0.365087967802197,0.556521142842522,-1.10609317796499,-0.419221000732546,-0.41178683298615,-0.194625335826137,2.48481235423741,0.31265330279514,1.58912877383077,-1.19694721845572
"507","Washington-2020","LMB_Y",3.22234688019313,0.507999159486179,0.492000840513821,"Washington-2020","Washington",47004600,"nhdhr_120019716","nhdhr_120019716","MN",26.981338457263,-94.3728832424,45.067237935,2011-09-27,0.509021514002605,0.365087967802197,0.556521142842522,-1.10609317796499,-0.419221000732546,-0.41178683298615,-0.194625335826137,2.48481235423741,0.31265330279514,1.58912877383077,-1.19694721845572
"508","Washington-2020","BNS",3.24706742832336,0.407908379057898,0.592091620942102,"Washington-2020","Washington",47004600,"nhdhr_120019716","nhdhr_120019716","MN",26.981338457263,-94.3728832424,45.067237935,2011-09-27,0.509021514002605,0.365087967802197,0.556521142842522,-1.10609317796499,-0.419221000732546,-0.41178683298615,-0.194625335826137,2.48481235423741,0.31265330279514,1.58912877383077,-1.19694721845572
"509","Washington-2020","SMB_Y",3.38356569374796,0.429795930274367,0.570204069725633,"Washington-2020","Washington",47004600,"nhdhr_120019716","nhdhr_120019716","MN",26.981338457263,-94.3728832424,45.067237935,2011-09-27,0.509021514002605,0.365087967802197,0.556521142842522,-1.10609317796499,-0.419221000732546,-0.41178683298615,-0.194625335826137,2.48481235423741,0.31265330279514,1.58912877383077,-1.19694721845572
"510","Washington-2020","LGP",4.65306071018336,0.475975464662915,0.524024535337085,"Washington-2020","Washington",47004600,"nhdhr_120019716","nhdhr_120019716","MN",26.981338457263,-94.3728832424,45.067237935,2011-09-27,0.509021514002605,0.365087967802197,0.556521142842522,-1.10609317796499,-0.419221000732546,-0.41178683298615,-0.194625335826137,2.48481235423741,0.31265330279514,1.58912877383077,-1.19694721845572
"511","Washington-2020","JND",3.26164103888029,0.469827741285184,0.530172258714817,"Washington-2020","Washington",47004600,"nhdhr_120019716","nhdhr_120019716","MN",26.981338457263,-94.3728832424,45.067237935,2011-09-27,0.509021514002605,0.365087967802197,0.556521142842522,-1.10609317796499,-0.419221000732546,-0.41178683298615,-0.194625335826137,2.48481235423741,0.31265330279514,1.58912877383077,-1.19694721845572
"512","Washington-2020","BKF",4.52415960128239,0.517979451648345,0.482020548351655,"Washington-2020","Washington",47004600,"nhdhr_120019716","nhdhr_120019716","MN",26.981338457263,-94.3728832424,45.067237935,2011-09-27,0.509021514002605,0.365087967802197,0.556521142842522,-1.10609317796499,-0.419221000732546,-0.41178683298615,-0.194625335826137,2.48481235423741,0.31265330279514,1.58912877383077,-1.19694721845572
"513","Washington-2020","GOS",4.29712457814679,0.553761867162039,0.446238132837961,"Washington-2020","Washington",47004600,"nhdhr_120019716","nhdhr_120019716","MN",26.981338457263,-94.3728832424,45.067237935,2011-09-27,0.509021514002605,0.365087967802197,0.556521142842522,-1.10609317796499,-0.419221000732546,-0.41178683298615,-0.194625335826137,2.48481235423741,0.31265330279514,1.58912877383077,-1.19694721845572
